anime_id,name,type,episodes,rating,members,user_id,anime_id,rating,action,adventure,cars,comedy,dementia,demons,drama,ecchi,fantasy,game,harem,historical,horror,josei,kids,magic,martial arts,mecha,military,music,mystery,parody,police,psychological,romance,samurai,school,sci-fi,seinen,shoujo,shoujo ai,shounen,slice of life,space,sports,super power,supernatural,thriller,vampire
9253,Steins;Gate,TV,24,9.17,673572,5,6,8,0,0,0,0,0,0,0,0,0,0,0,0,0,0,0,0,0,0,0,0,0,0,0,0,0,0,0,1,0,0,0,0,0,0,0,0,0,1,0
9969,Gintama&#039;,TV,51,9.16,151266,5,15,6,1,0,0,1,0,0,0,0,0,0,0,1,0,0,0,0,0,0,0,0,0,1,0,0,0,1,0,1,0,0,0,1,0,0,0,0,0,0,0
15335,Gintama Movie: Kanketsu-hen - Yorozuya yo Eien Nare,Movie,1,9.1,72534,5,17,6,1,0,0,1,0,0,0,0,0,0,0,1,0,0,0,0,0,0,0,0,0,1,0,0,0,1,0,1,0,0,0,1,0,0,0,0,0,0,0
15417,Gintama&#039;: Enchousen,TV,13,9.11,81109,5,18,6,1,0,0,1,0,0,0,0,0,0,0,1,0,0,0,0,0,0,0,0,0,1,0,0,0,1,0,1,0,0,0,1,0,0,0,0,0,0,0
918,Gintama,TV,201,9.04,336376,5,20,6,1,0,0,1,0,0,0,0,0,0,0,1,0,0,0,0,0,0,0,0,0,1,0,0,0,1,0,1,0,0,0,1,0,0,0,0,0,0,0
28891,Haikyuu!! Second Season,TV,25,8.93,179342,5,22,5,0,0,0,1,0,0,1,0,0,0,0,0,0,0,0,0,0,0,0,0,0,0,0,0,0,0,1,0,0,0,0,1,0,0,1,0,0,0,0
199,Sen to Chihiro no Kamikakushi,Movie,1,8.93,466254,5,24,1,0,1,0,0,0,0,1,0,0,0,0,0,0,0,0,0,0,0,0,0,0,0,0,0,0,0,0,0,0,0,0,0,0,0,0,0,1,0,0
23273,Shigatsu wa Kimi no Uso,TV,22,8.92,416397,5,30,1,0,0,0,0,0,0,1,0,0,0,0,0,0,0,0,0,0,0,0,1,0,0,0,0,1,0,1,0,0,0,0,1,0,0,0,0,0,0,0
263,Hajime no Ippo,TV,75,8.83,157670,5,45,7,0,0,0,1,0,0,1,0,0,0,0,0,0,0,0,0,0,0,0,0,0,0,0,0,0,0,0,0,0,0,0,1,0,0,1,0,0,0,0
245,Great Teacher Onizuka,TV,43,8.77,268487,5,47,8,0,0,0,1,0,0,1,0,0,0,0,0,0,0,0,0,0,0,0,0,0,0,0,0,0,0,1,0,0,0,0,1,1,0,0,0,0,0,0
5258,Hajime no Ippo: New Challenger,TV,26,8.75,88995,5,57,7,0,0,0,1,0,0,1,0,0,0,0,0,0,0,0,0,0,0,0,0,0,0,0,0,0,0,0,0,0,0,0,1,0,0,1,0,0,0,0
1535,Death Note,TV,37,8.71,1013917,5,63,1,0,0,0,0,0,0,0,0,0,0,0,0,0,0,0,0,0,0,0,0,1,0,1,1,0,0,0,0,0,0,0,0,0,0,0,0,1,1,0
20583,Haikyuu!!,TV,25,8.68,284498,5,67,6,0,0,0,1,0,0,1,0,0,0,0,0,0,0,0,0,0,0,0,0,0,0,0,0,0,0,1,0,0,0,0,1,0,0,1,0,0,0,0
19647,Hajime no Ippo: Rising,TV,25,8.68,66756,5,68,6,0,0,0,1,0,0,1,0,0,0,0,0,0,0,0,0,0,0,0,0,0,0,0,0,0,0,0,0,0,0,0,1,0,0,1,0,0,0,0
31240,Re:Zero kara Hajimeru Isekai Seikatsu,TV,25,8.64,355839,5,132,6,0,0,0,0,0,0,1,0,1,0,0,0,0,0,0,0,0,0,0,0,0,0,0,1,0,0,0,0,0,0,0,0,0,0,0,0,0,1,0
9989,Ano Hi Mita Hana no Namae wo Bokutachi wa Mada Shiranai.,TV,11,8.62,463835,5,136,8,0,0,0,0,0,0,1,0,0,0,0,0,0,0,0,0,0,0,0,0,0,0,0,0,0,0,0,0,0,0,0,0,1,0,0,0,1,0,0
11577,Steins;Gate Movie: Fuka Ryouiki no Déjà vu,Movie,1,8.61,192424,5,137,8,0,0,0,0,0,0,0,0,0,0,0,0,0,0,0,0,0,0,0,0,0,0,0,0,0,0,0,1,0,0,0,0,0,0,0,0,0,1,0
26055,JoJo no Kimyou na Bouken: Stardust Crusaders 2nd Season,TV,24,8.6,93657,5,138,6,1,1,0,0,0,0,1,0,0,0,0,0,0,0,0,0,0,0,0,0,0,0,0,0,0,0,0,0,0,0,0,1,0,0,0,0,1,0,0
22535,Kiseijuu: Sei no Kakuritsu,TV,24,8.59,425457,5,139,6,1,0,0,0,0,0,1,0,0,0,0,0,1,0,0,0,0,0,0,0,0,0,0,1,0,0,0,1,1,0,0,0,0,0,0,0,0,0,0
12431,Uchuu Kyoudai,TV,99,8.59,72958,5,150,2,0,0,0,1,0,0,0,0,0,0,0,0,0,0,0,0,0,0,0,0,0,0,0,0,0,0,0,1,1,0,0,0,1,1,0,0,0,0,0
16894,Kuroko no Basket 2nd Season,TV,25,8.58,243325,5,152,4,0,0,0,1,0,0,0,0,0,0,0,0,0,0,0,0,0,0,0,0,0,0,0,0,0,0,1,0,0,0,0,1,0,0,1,0,0,0,0
170,Slam Dunk,TV,101,8.56,82570,5,166,6,0,0,0,1,0,0,1,0,0,0,0,0,0,0,0,0,0,0,0,0,0,0,0,0,0,0,1,0,0,0,0,1,0,0,1,0,0,0,0
10162,Usagi Drop,TV,11,8.56,194855,5,170,6,0,0,0,0,0,0,0,0,0,0,0,0,0,1,0,0,0,0,0,0,0,0,0,0,0,0,0,0,0,0,0,0,1,0,0,0,0,0,0
32182,Mob Psycho 100,TV,12,8.55,193716,5,174,5,1,0,0,1,0,0,0,0,0,0,0,0,0,0,0,0,0,0,0,0,0,0,0,0,0,0,0,0,0,0,0,0,1,0,0,0,1,0,0
10030,Bakuman. 2nd Season,TV,25,8.53,151561,5,185,6,0,0,0,1,0,0,1,0,0,0,0,0,0,0,0,0,0,0,0,0,0,0,0,0,1,0,0,0,0,0,0,1,0,0,0,0,0,0,0
14719,JoJo no Kimyou na Bouken (TV),TV,26,8.51,190197,5,186,6,1,1,0,0,0,0,0,0,0,0,0,0,0,0,0,0,0,0,0,0,0,0,0,0,0,0,0,0,0,0,0,1,0,0,0,0,1,0,1
22789,Barakamon,TV,12,8.5,225927,5,189,1,0,0,0,1,0,0,0,0,0,0,0,0,0,0,0,0,0,0,0,0,0,0,0,0,0,0,0,0,0,0,0,0,1,0,0,0,0,0,0
18115,Magi: The Kingdom of Magic,TV,25,8.5,245026,5,190,1,1,1,0,0,0,0,0,0,1,0,0,0,0,0,0,1,0,0,0,0,0,0,0,0,0,0,0,0,0,0,0,1,0,0,0,0,0,0,0
205,Samurai Champloo,TV,26,8.5,390076,5,195,4,1,1,0,1,0,0,0,0,0,0,0,1,0,0,0,0,0,0,0,0,0,0,0,0,0,1,0,0,0,0,0,1,0,0,0,0,0,0,0
136,Hunter x Hunter,TV,62,8.48,166255,5,199,8,1,1,0,0,0,0,0,0,0,0,0,0,0,0,0,0,0,0,0,0,0,0,0,0,0,0,0,0,0,0,0,1,0,0,0,1,0,0,0
19815,No Game No Life,TV,12,8.47,602291,5,205,8,0,1,0,1,0,0,0,1,1,1,0,0,0,0,0,0,0,0,0,0,0,0,0,0,0,0,0,0,0,0,0,0,0,0,0,0,1,0,0
392,Yuu☆Yuu☆Hakusho,TV,112,8.47,195017,5,223,6,1,0,0,1,0,1,0,0,1,0,0,0,0,0,0,0,1,0,0,0,0,0,0,0,0,0,1,0,0,0,0,1,0,0,0,0,0,0,0
10863,Steins;Gate: Oukoubakko no Poriomania,Special,1,8.46,159548,5,225,1,0,0,0,0,0,0,0,0,0,0,0,0,0,0,0,0,0,0,0,0,0,0,0,0,0,0,0,1,0,0,0,0,0,0,0,0,0,1,0
4224,Toradora!,TV,25,8.45,633817,5,232,3,0,0,0,1,0,0,0,0,0,0,0,0,0,0,0,0,0,0,0,0,0,0,0,0,1,0,1,0,0,0,0,0,1,0,0,0,0,0,0
2236,Toki wo Kakeru Shoujo,Movie,1,8.44,289206,5,240,4,0,1,0,0,0,0,1,0,0,0,0,0,0,0,0,0,0,0,0,0,0,0,0,0,1,0,0,1,0,0,0,0,0,0,0,0,0,0,0
45,Rurouni Kenshin: Meiji Kenkaku Romantan,TV,94,8.43,218928,5,241,1,1,1,0,1,0,0,0,0,0,0,0,1,0,0,0,0,0,0,0,0,0,0,0,0,1,1,0,0,0,0,0,0,0,0,0,0,0,0,0
2418,Stranger: Mukou Hadan,Movie,1,8.43,125503,5,245,10,1,1,0,0,0,0,0,0,0,0,0,1,0,0,0,0,0,0,0,0,0,0,0,0,0,1,0,0,0,0,0,0,0,0,0,0,0,0,0
23755,Nanatsu no Taizai,TV,24,8.42,331627,5,248,1,1,1,0,0,0,0,0,1,1,0,0,0,0,0,0,0,0,0,0,0,0,0,0,0,0,0,0,0,0,0,0,1,0,0,0,0,1,0,0
137,Hunter x Hunter OVA,OVA,8,8.41,53168,5,249,1,1,1,0,0,0,0,0,0,0,0,0,0,0,0,0,0,0,0,0,0,0,0,0,0,0,0,0,0,0,0,0,1,0,0,0,1,0,0,0
139,Hunter x Hunter: Greed Island Final,OVA,14,8.41,55787,5,250,5,1,1,0,0,0,0,0,0,0,0,0,0,0,0,0,0,0,0,0,0,0,0,0,0,0,0,0,0,0,0,0,1,0,0,0,1,0,0,0
5040,One Outs,TV,25,8.41,83056,5,263,7,0,0,0,0,0,0,0,0,0,0,0,0,0,0,0,0,0,0,0,0,0,0,0,1,0,0,0,0,1,0,0,0,0,0,1,0,0,0,0
57,Beck,TV,26,8.4,148328,5,264,8,0,0,0,1,0,0,1,0,0,0,0,0,0,0,0,0,0,0,0,1,0,0,0,0,0,0,0,0,0,0,0,1,1,0,0,0,0,0,0
1210,NHK ni Youkoso!,TV,24,8.4,291228,5,265,7,0,0,0,1,0,0,1,0,0,0,0,0,0,0,0,0,0,0,0,0,0,0,0,1,1,0,0,0,0,0,0,0,0,0,0,0,0,0,0
13759,Sakurasou no Pet na Kanojo,TV,24,8.4,380375,5,268,7,0,0,0,1,0,0,1,0,0,0,0,0,0,0,0,0,0,0,0,0,0,0,0,0,1,0,1,0,0,0,0,0,1,0,0,0,0,0,0
6547,Angel Beats!,TV,13,8.39,717796,5,269,3,1,0,0,1,0,0,1,0,0,0,0,0,0,0,0,0,0,0,0,0,0,0,0,0,0,0,1,0,0,0,0,0,0,0,0,0,1,0,0
5081,Bakemonogatari,TV,15,8.39,482268,5,272,5,0,0,0,0,0,0,0,0,0,0,0,0,0,0,0,0,0,0,0,0,1,0,0,0,1,0,0,0,0,0,0,0,0,0,0,0,1,0,1
264,Hajime no Ippo: Champion Road,Special,1,8.39,47840,5,288,2,0,0,0,1,0,0,0,0,0,0,0,0,0,0,0,0,0,0,0,0,0,0,0,0,0,0,0,0,0,0,0,1,0,0,1,0,0,0,0
6746,Durarara!!,TV,24,8.38,556431,5,292,7,1,0,0,0,0,0,0,0,0,0,0,0,0,0,0,0,0,0,0,0,1,0,0,0,0,0,0,0,0,0,0,0,0,0,0,0,1,0,0
31964,Boku no Hero Academia,TV,13,8.36,282002,5,335,3,1,0,0,1,0,0,0,0,0,0,0,0,0,0,0,0,0,0,0,0,0,0,0,0,0,0,1,0,0,0,0,1,0,0,0,1,0,0,0
19363,Gin no Saji 2nd Season,TV,11,8.36,67032,5,344,7,0,0,0,1,0,0,0,0,0,0,0,0,0,0,0,0,0,0,0,0,0,0,0,0,0,0,1,0,0,0,0,1,1,0,0,0,0,0,0
7674,Bakuman.,TV,25,8.35,246899,5,371,3,0,0,0,1,0,0,0,0,0,0,0,0,0,0,0,0,0,0,0,0,0,0,0,0,1,0,0,0,0,0,0,1,0,0,0,0,0,0,0
11843,Danshi Koukousei no Nichijou,TV,12,8.35,258914,5,379,6,0,0,0,1,0,0,0,0,0,0,0,0,0,0,0,0,0,0,0,0,0,0,0,0,0,0,1,0,0,0,0,1,1,0,0,0,0,0,0
16782,Kotonoha no Niwa,Movie,1,8.35,189741,5,390,3,0,0,0,0,0,0,1,0,0,0,0,0,0,0,0,0,0,0,0,0,0,0,0,1,1,0,0,0,0,0,0,0,1,0,0,0,0,0,0
138,Hunter x Hunter: Greed Island,OVA,8,8.33,57029,5,392,7,1,1,0,0,0,0,0,0,0,0,0,0,0,0,0,0,0,0,0,0,0,0,0,0,0,0,0,0,0,0,0,1,0,0,0,1,0,0,0
813,Dragon Ball Z,TV,291,8.32,375662,5,406,6,1,1,0,1,0,0,0,0,1,0,0,0,0,0,0,0,1,0,0,0,0,0,0,0,0,0,0,0,0,0,0,1,0,0,0,1,0,0,0
16067,Nagi no Asukara,TV,26,8.32,224947,5,442,4,0,0,0,0,0,0,1,0,1,0,0,0,0,0,0,0,0,0,0,0,0,0,0,0,1,0,0,0,0,0,0,0,0,0,0,0,0,0,0
30,Neon Genesis Evangelion,TV,26,8.32,461946,5,443,4,1,0,0,0,1,0,1,0,0,0,0,0,0,0,0,0,0,1,0,0,0,0,0,1,0,0,0,1,0,0,0,0,0,0,0,0,0,0,0
6,Trigun,TV,26,8.32,283069,5,448,3,1,0,0,1,0,0,0,0,0,0,0,0,0,0,0,0,0,0,0,0,0,0,0,0,0,0,0,1,0,0,0,0,0,0,0,0,0,0,0
23847,Yahari Ore no Seishun Love Comedy wa Machigatteiru. Zoku,TV,13,8.31,222994,5,481,3,0,0,0,1,0,0,1,0,0,0,0,0,0,0,0,0,0,0,0,0,0,0,0,0,1,0,1,0,0,0,0,0,0,0,0,0,0,0,0
16706,Kami nomi zo Shiru Sekai: Megami-hen,TV,12,8.3,142612,5,482,5,0,0,0,1,0,0,0,0,0,0,1,0,0,0,0,0,0,0,0,0,0,0,0,0,1,0,0,0,0,0,0,1,0,0,0,0,1,0,0
5681,Summer Wars,Movie,1,8.3,223359,5,487,1,0,0,0,1,0,0,0,0,0,0,0,0,0,0,0,0,0,0,0,0,0,0,0,0,0,0,0,1,0,0,0,0,0,0,0,0,0,0,0
265,Hajime no Ippo: Mashiba vs. Kimura,OVA,1,8.28,40623,5,508,3,0,0,0,1,0,0,0,0,0,0,0,0,0,0,0,0,0,0,0,0,0,0,0,0,0,0,0,0,0,0,0,1,0,0,1,0,0,0,0
3702,Detroit Metal City,OVA,12,8.26,104893,5,517,3,0,0,0,1,0,0,0,0,0,0,0,0,0,0,0,0,0,0,0,1,0,0,0,0,0,0,0,0,0,0,0,0,0,0,0,0,0,0,0
1257,Saint Seiya: Meiou Hades Juuni Kyuu-hen,OVA,13,8.26,23701,5,527,6,0,1,0,0,0,0,0,0,0,0,0,0,0,0,0,0,0,0,0,0,0,0,0,0,0,0,0,1,0,0,0,1,0,0,0,0,0,0,0
18689,Diamond no Ace,TV,75,8.25,81384,5,528,7,0,0,0,1,0,0,0,0,0,0,0,0,0,0,0,0,0,0,0,0,0,0,0,0,0,0,1,0,0,0,0,1,0,0,1,0,0,0,0
20899,JoJo no Kimyou na Bouken: Stardust Crusaders,TV,24,8.25,120089,5,534,7,1,1,0,0,0,0,1,0,0,0,0,0,0,0,0,0,0,0,0,0,0,0,0,0,0,0,0,0,0,0,0,1,0,0,0,0,1,0,0
1559,Shijou Saikyou no Deshi Kenichi,TV,50,8.25,129112,5,550,2,1,0,0,1,0,0,0,0,0,0,0,0,0,0,0,0,1,0,0,0,0,0,0,0,0,0,1,0,0,0,0,1,0,0,0,0,0,0,0
23289,Gekkan Shoujo Nozaki-kun,TV,12,8.24,292622,5,552,7,0,0,0,1,0,0,0,0,0,0,0,0,0,0,0,0,0,0,0,0,0,0,0,0,1,0,1,0,0,0,0,0,0,0,0,0,0,0,0
18,Initial D Fourth Stage,TV,24,8.24,41584,5,709,6,1,0,1,0,0,0,1,0,0,0,0,0,0,0,0,0,0,0,0,0,0,0,0,0,0,0,0,0,1,0,0,0,0,0,1,0,0,0,0
14513,Magi: The Labyrinth of Magic,TV,25,8.24,317513,5,760,2,1,1,0,0,0,0,0,0,1,0,0,0,0,0,0,1,0,0,0,0,0,0,0,0,0,0,0,0,0,0,0,1,0,0,0,0,0,0,0
12069,Hajime no Ippo: Boxer no Kobushi,Special,1,8.23,20157,5,761,5,0,0,0,1,0,0,1,0,0,0,0,0,0,0,0,0,0,0,0,0,0,0,0,0,0,0,0,0,0,0,0,1,0,0,1,0,0,0,0
185,Initial D First Stage,TV,26,8.23,68128,5,813,5,1,0,1,0,0,0,1,0,0,0,0,0,0,0,0,0,0,0,0,0,0,0,0,0,0,0,0,0,1,0,0,0,0,0,1,0,0,0,0
2034,Lovely★Complex,TV,24,8.23,235003,5,846,1,0,0,0,1,0,0,0,0,0,0,0,0,0,0,0,0,0,0,0,0,0,0,0,0,1,0,0,0,0,1,0,0,0,0,0,0,0,0,0
6702,Fairy Tail,TV,175,8.22,584590,5,861,2,1,1,0,1,0,0,0,0,1,0,0,0,0,0,0,1,0,0,0,0,0,0,0,0,0,0,0,0,0,0,0,1,0,0,0,0,0,0,0
11597,Nisemonogatari,TV,11,8.21,260062,5,874,7,0,0,0,1,0,0,0,0,0,0,0,0,0,0,0,0,0,0,0,0,1,0,0,0,0,0,0,0,0,0,0,0,0,0,0,0,1,0,0
7720,Ookiku Furikabutte: Natsu no Taikai-hen,TV,13,8.2,22190,5,896,4,0,0,0,1,0,0,0,0,0,0,0,0,0,0,0,0,0,0,0,0,0,0,0,0,0,0,0,0,0,0,0,0,0,0,1,0,0,0,0
15039,Ano Hi Mita Hana no Namae wo Bokutachi wa Mada Shiranai. Movie,Movie,1,8.19,95241,5,898,5,0,0,0,0,0,0,1,0,0,0,0,0,0,0,0,0,0,0,0,0,0,0,0,0,0,0,0,0,0,0,0,0,1,0,0,0,1,0,0
6211,Tokyo Magnitude 8.0,TV,11,8.19,121349,5,903,1,0,0,0,0,0,0,1,0,0,0,0,0,0,0,0,0,0,0,0,0,0,0,0,0,0,0,0,0,0,0,0,0,0,0,0,0,0,0,0
232,Cardcaptor Sakura,TV,70,8.18,181249,5,905,6,0,1,0,1,0,0,1,0,1,0,0,0,0,0,0,1,0,0,0,0,0,0,0,0,1,0,1,0,0,1,0,0,0,0,0,0,0,0,0
16918,Gin no Saji,TV,11,8.18,116261,5,914,7,0,0,0,1,0,0,0,0,0,0,0,0,0,0,0,0,0,0,0,0,0,0,0,0,0,0,1,0,0,0,0,1,1,0,0,0,0,0,0
12189,Hyouka,TV,22,8.17,372246,5,918,9,0,0,0,0,0,0,0,0,0,0,0,0,0,0,0,0,0,0,0,0,1,0,0,0,0,0,1,0,0,0,0,0,1,0,0,0,0,0,0
20507,Noragami,TV,12,8.17,515378,5,936,5,1,1,0,0,0,0,0,0,0,0,0,0,0,0,0,0,0,0,0,0,0,0,0,0,0,0,0,0,0,0,0,1,0,0,0,0,1,0,0
223,Dragon Ball,TV,153,8.16,316102,5,981,5,0,1,0,1,0,0,0,0,1,0,0,0,0,0,0,0,1,0,0,0,0,0,0,0,0,0,0,0,0,0,0,1,0,0,0,1,0,0,0
21647,Tamako Love Story,Movie,1,8.16,72708,5,987,2,0,0,0,1,0,0,0,0,0,0,0,0,0,0,0,0,0,0,0,0,0,0,0,0,1,0,0,0,0,0,0,0,1,0,0,0,0,0,0
18179,Yowamushi Pedal,TV,38,8.16,91138,5,1117,7,0,0,0,1,0,0,1,0,0,0,0,0,0,0,0,0,0,0,0,0,0,0,0,0,0,0,0,0,0,0,0,1,0,0,1,0,0,0,0
47,Akira,Movie,1,8.15,215897,5,1132,5,1,1,0,0,0,0,0,0,0,0,0,0,1,0,0,0,0,0,1,0,0,0,0,0,0,0,0,1,0,0,0,0,0,0,0,0,1,0,0
23199,Durarara!!x2 Shou,TV,12,8.15,189407,5,1138,5,1,0,0,0,0,0,0,0,0,0,0,0,0,0,0,0,0,0,0,0,1,0,0,0,0,0,0,0,0,0,0,0,0,0,0,0,1,0,0
846,School Rumble Ni Gakki,TV,26,8.15,93095,5,1195,1,0,0,0,1,0,0,0,0,0,0,0,0,0,0,0,0,0,0,0,0,0,0,0,0,1,0,1,0,0,0,0,1,0,0,0,0,0,0,0
15059,Initial D Fifth Stage,TV,14,8.14,26711,5,1210,4,1,0,1,0,0,0,1,0,0,0,0,0,0,0,0,0,0,0,0,0,0,0,0,0,0,0,0,0,1,0,0,0,0,0,1,0,0,0,0
7791,K-On!!,TV,26,8.14,246276,5,1253,7,0,0,0,1,0,0,0,0,0,0,0,0,0,0,0,0,0,0,0,1,0,0,0,0,0,0,1,0,0,0,0,0,1,0,0,0,0,0,0
17265,Log Horizon,TV,25,8.14,387100,5,1254,7,1,1,0,0,0,0,0,0,1,1,0,0,0,0,0,1,0,0,0,0,0,0,0,0,0,0,0,0,0,0,0,1,0,0,0,0,0,0,0
186,Initial D Second Stage,TV,13,8.12,45825,5,1257,7,1,0,1,0,0,0,1,0,0,0,0,0,0,0,0,0,0,0,0,0,0,0,0,0,0,0,0,0,1,0,0,0,0,0,1,0,0,0,0
10080,Kami nomi zo Shiru Sekai II,TV,12,8.12,194300,5,1313,6,0,0,0,1,0,0,0,0,0,0,1,0,0,0,0,0,0,0,0,0,0,0,0,0,1,0,0,0,0,0,0,1,0,0,0,0,1,0,0
14813,Yahari Ore no Seishun Love Comedy wa Machigatteiru.,TV,13,8.12,353876,5,1469,5,0,0,0,1,0,0,1,0,0,0,0,0,0,0,0,0,0,0,0,0,0,0,0,0,1,0,1,0,0,0,0,0,0,0,0,0,0,0,0
2159,Ookiku Furikabutte,TV,25,8.11,49599,5,1535,4,0,0,0,1,0,0,0,0,0,0,0,0,0,0,0,0,0,0,0,0,0,0,0,0,0,0,0,0,0,0,0,0,0,0,1,0,0,0,0
28297,Ore Monogatari!!,TV,24,8.11,200833,5,1559,5,0,0,0,1,0,0,0,0,0,0,0,0,0,0,0,0,0,0,0,0,0,0,0,0,1,0,0,0,0,1,0,0,0,0,0,0,0,0,0
861,xxxHOLiC,TV,24,8.11,150872,5,1564,5,0,0,0,1,0,0,1,0,0,0,0,0,0,0,0,0,0,0,0,0,1,0,0,1,0,0,0,0,0,0,0,0,0,0,0,0,1,0,0
1689,Byousoku 5 Centimeter,Movie,3,8.1,324035,5,1614,5,0,0,0,0,0,0,1,0,0,0,0,0,0,0,0,0,0,0,0,0,0,0,0,0,1,0,0,0,0,0,0,0,1,0,0,0,0,0,0
15,Eyeshield 21,TV,145,8.08,83648,5,1668,2,1,0,0,1,0,0,0,0,0,0,0,0,0,0,0,0,0,0,0,0,0,0,0,0,0,0,0,0,0,0,0,1,0,0,1,0,0,0,0
3588,Soul Eater,TV,51,8.08,580184,5,1669,2,1,1,0,1,0,0,0,0,1,0,0,0,0,0,0,0,0,0,0,0,0,0,0,0,0,0,0,0,0,0,0,1,0,0,0,0,1,0,0
4106,Trigun: Badlands Rumble,Movie,1,8.08,68181,5,1674,5,1,0,0,1,0,0,0,0,0,0,0,0,0,0,0,0,0,0,0,0,0,0,0,0,0,0,0,1,0,0,0,0,0,0,0,0,0,0,0
22319,Tokyo Ghoul,TV,12,8.07,618056,5,1685,-1,1,0,0,0,0,0,1,0,0,0,0,0,1,0,0,0,0,0,0,0,1,0,0,1,0,0,0,0,1,0,0,0,0,0,0,0,1,0,0
11113,Usagi Drop Specials,Special,4,8.07,36351,5,1689,7,0,0,0,0,0,0,0,0,0,0,0,0,0,1,0,0,0,0,0,0,0,0,0,0,0,0,0,0,0,0,0,0,1,0,0,0,0,0,0
24,School Rumble,TV,26,8.06,178553,5,1764,6,0,0,0,1,0,0,0,0,0,0,0,0,0,0,0,0,0,0,0,0,0,0,0,0,1,0,1,0,0,0,0,1,0,0,0,0,0,0,0
268,Golden Boy,OVA,6,8.05,113040,5,1840,1,0,1,0,1,0,0,0,1,0,0,0,0,0,0,0,0,0,0,0,0,0,0,0,0,0,0,0,0,0,0,0,0,0,0,0,0,0,0,0
8408,Durarara!! Specials,Special,2,8.04,103105,5,1887,3,1,0,0,1,0,0,0,0,0,0,0,0,0,0,0,0,0,0,0,0,0,0,0,0,0,0,0,0,0,0,0,0,0,0,0,0,1,0,0
29803,Overlord,TV,13,8.04,244268,5,1913,8,1,1,0,0,0,0,0,0,1,1,0,0,0,0,0,1,0,0,0,0,0,0,0,0,0,0,0,0,0,0,0,0,0,0,0,0,1,0,0
22,Prince of Tennis,TV,178,8.04,87643,5,1956,2,1,0,0,1,0,0,0,0,0,0,0,0,0,0,0,0,0,0,0,0,0,0,0,0,0,0,1,0,0,0,0,1,0,0,1,0,0,0,0
15809,Hataraku Maou-sama!,TV,13,8.03,409037,5,2034,3,0,0,0,1,0,1,0,0,1,0,0,0,0,0,0,0,0,0,0,0,0,0,0,0,1,0,0,0,0,0,0,1,0,0,0,0,0,0,0
30831,Kono Subarashii Sekai ni Shukufuku wo!,TV,10,8.03,244877,5,2104,1,0,1,0,1,0,0,0,0,1,0,0,0,0,0,0,0,0,0,0,0,0,0,0,0,0,0,0,0,0,0,0,0,0,0,0,0,1,0,0
1254,Saint Seiya,TV,114,8.03,70559,5,2116,5,0,1,0,0,0,0,0,0,1,0,0,0,0,0,0,0,0,0,0,0,0,0,0,0,0,0,0,1,0,0,0,1,0,0,0,0,0,0,0
2605,Sayonara Zetsubou Sensei,TV,12,8.03,174531,5,2144,1,0,0,0,1,0,0,0,0,0,0,0,0,0,0,0,0,0,0,0,0,0,1,0,0,0,0,1,0,0,0,0,0,0,0,0,0,0,0,0
3228,Zoku Sayonara Zetsubou Sensei,TV,13,8.03,74040,5,2159,7,0,0,0,1,0,0,0,0,0,0,0,0,0,0,0,0,0,0,0,0,0,1,0,0,0,0,1,0,0,0,0,0,0,0,0,0,0,0,0
11813,Shijou Saikyou no Deshi Kenichi OVA,OVA,11,8.02,24167,5,2236,8,1,0,0,1,0,0,0,0,0,0,0,0,0,0,0,0,1,0,0,0,0,0,0,0,0,0,1,0,0,0,0,1,0,0,0,0,0,0,0
6377,Zan Sayonara Zetsubou Sensei,TV,13,8.01,55402,5,2248,5,0,0,0,1,0,0,0,0,0,0,0,0,0,0,0,0,0,0,0,0,0,1,0,0,0,0,1,0,0,0,0,0,0,0,0,0,0,0,0
14349,Little Witch Academia,Movie,1,8.0,111703,5,2330,5,0,1,0,1,0,0,0,0,1,0,0,0,0,0,0,1,0,0,0,0,0,0,0,0,0,0,1,0,0,0,0,0,0,0,0,0,0,0,0
8516,Baka to Test to Shoukanjuu Ni!,TV,13,7.98,183722,5,2363,6,0,0,0,1,0,0,0,0,0,0,0,0,0,0,0,0,0,0,0,0,0,0,0,0,1,0,1,0,0,0,0,0,0,0,0,1,0,0,0
10521,Working&#039;!!,TV,13,7.98,117328,5,2397,7,0,0,0,1,0,0,0,0,0,0,0,0,0,0,0,0,0,0,0,0,0,0,0,0,0,0,0,0,0,0,0,0,1,0,0,0,0,0,0
28907,"Gate: Jieitai Kanochi nite, Kaku Tatakaeri",TV,12,7.97,244314,5,2398,7,1,1,0,0,0,0,0,0,1,0,0,0,0,0,0,0,0,0,1,0,0,0,0,0,0,0,0,0,0,0,0,0,0,0,0,0,0,0,0
1253,Saint Seiya: Meiou Hades Meikai-hen,OVA,12,7.97,21240,5,2400,6,1,1,0,0,0,1,0,0,1,0,0,0,0,0,0,0,0,0,0,0,0,0,0,0,0,0,0,1,0,0,0,1,0,0,0,1,0,0,0
15771,Saint☆Oniisan (Movie),Movie,1,7.97,30814,5,2418,9,0,0,0,1,0,0,0,0,0,0,0,0,0,0,0,0,0,0,0,0,0,0,0,0,0,0,0,0,1,0,0,0,1,0,0,0,0,0,0
21185,Baby Steps,TV,25,7.96,59818,5,2424,3,0,0,0,0,0,0,0,0,0,0,0,0,0,0,0,0,0,0,0,0,0,0,0,0,1,0,1,0,0,0,0,1,0,0,1,0,0,0,0
269,Bleach,TV,366,7.95,624055,5,2472,5,1,0,0,1,0,0,0,0,0,0,0,0,0,0,0,0,0,0,0,0,0,0,0,0,0,0,0,0,0,0,0,1,0,0,0,1,1,0,0
14741,Chuunibyou demo Koi ga Shitai!,TV,12,7.95,394399,5,2508,3,0,0,0,1,0,0,1,0,0,0,0,0,0,0,0,0,0,0,0,0,0,0,0,0,1,0,1,0,0,0,0,0,1,0,0,0,0,0,0
8525,Kami nomi zo Shiru Sekai,TV,12,7.95,284846,5,2594,8,0,0,0,1,0,0,0,0,0,0,1,0,0,0,0,0,0,0,0,0,0,0,0,0,1,0,0,0,0,0,0,1,0,0,0,0,1,0,0
2104,Seto no Hanayome,TV,26,7.95,165008,5,2605,7,0,0,0,1,0,0,0,0,0,0,0,0,0,0,0,0,0,0,0,0,0,1,0,0,1,0,1,0,0,0,0,0,0,0,0,0,0,0,0
12445,Tasogare Otome x Amnesia,TV,12,7.95,172367,5,2684,6,0,0,0,0,0,0,0,0,0,0,0,0,1,0,0,0,0,0,0,0,1,0,0,0,1,0,1,0,0,0,0,1,0,0,0,0,1,0,0
20159,Pokemon: The Origin,Special,4,7.94,85947,5,2789,1,1,1,0,1,0,0,0,0,1,0,0,0,0,0,1,0,0,0,0,0,0,0,0,0,0,0,0,0,0,0,0,0,0,0,0,0,0,0,0
25303,Haikyuu!! OVA,OVA,2,7.93,30063,5,2907,5,0,0,0,0,0,0,0,0,0,0,0,0,0,0,0,0,0,0,0,0,0,0,0,0,0,0,0,0,0,0,0,1,0,0,1,0,0,0,0
9919,Ao no Exorcist,TV,25,7.92,583823,5,2961,6,1,0,0,0,0,1,0,0,1,0,0,0,0,0,0,0,0,0,0,0,0,0,0,0,0,0,0,0,0,0,0,1,0,0,0,0,1,0,0
17895,Golden Time,TV,24,7.92,273191,5,2962,6,0,0,0,1,0,0,0,0,0,0,0,0,0,0,0,0,0,0,0,0,0,0,0,0,1,0,0,0,1,0,0,0,0,0,0,0,0,0,0
4472,Lucky☆Star: Original na Visual to Animation,OVA,1,7.92,84833,5,2993,2,0,0,0,1,0,0,0,0,0,0,0,0,0,0,0,0,0,0,0,0,0,1,0,0,0,0,1,0,0,0,0,0,1,0,0,0,0,0,0
18897,Nisekoi,TV,20,7.91,347599,5,3228,7,0,0,0,1,0,0,0,0,0,0,1,0,0,0,0,0,0,0,0,0,0,0,0,0,1,0,1,0,0,0,0,1,0,0,0,0,0,0,0
28677,Yamada-kun to 7-nin no Majo (TV),TV,12,7.91,193566,5,3455,2,0,0,0,1,0,0,0,0,0,0,1,0,0,0,0,0,0,0,0,0,1,0,0,0,1,0,1,0,0,0,0,1,0,0,0,0,1,0,0
21405,Bokura wa Minna Kawaisou,TV,12,7.9,159793,5,3503,1,0,0,0,1,0,0,0,0,0,0,0,0,0,0,0,0,0,0,0,0,0,0,0,0,1,0,1,0,0,0,0,0,1,0,0,0,0,0,0
552,Digimon Adventure,TV,54,7.89,182208,5,3515,7,1,1,0,1,0,0,0,0,1,0,0,0,0,0,1,0,0,0,0,0,0,0,0,0,0,0,0,0,0,0,0,0,0,0,0,0,0,0,0
249,InuYasha,TV,167,7.89,281632,5,3588,5,1,1,0,1,0,1,0,0,1,0,0,0,0,0,0,1,0,0,0,0,0,0,0,0,1,0,0,0,0,0,0,1,0,0,0,0,1,0,0
20767,Noragami OVA,OVA,2,7.89,104775,5,3655,5,1,1,0,0,0,0,0,0,0,0,0,0,0,0,0,0,0,0,0,0,0,0,0,0,0,0,0,0,0,0,0,1,0,0,0,0,0,0,0
10119,Seitokai Yakuindomo OVA,OVA,8,7.89,63265,5,3702,9,0,0,0,1,0,0,0,0,0,0,0,0,0,0,0,0,0,0,0,0,0,0,0,0,0,0,1,0,0,0,0,1,1,0,0,0,0,0,0
13535,Binbougami ga!,TV,13,7.88,117091,5,3712,1,0,0,0,1,0,0,0,0,0,0,0,0,0,0,0,0,0,0,0,0,0,1,0,0,0,0,0,0,0,0,0,1,0,0,0,0,1,0,0
28121,Dungeon ni Deai wo Motomeru no wa Machigatteiru Darou ka,TV,13,7.88,336349,5,3887,7,1,1,0,1,0,0,0,0,1,0,0,0,0,0,0,0,0,0,0,0,0,0,0,0,1,0,0,0,0,0,0,0,0,0,0,0,0,0,0
18153,Kyoukai no Kanata,TV,12,7.88,359011,5,3974,5,0,0,0,0,0,0,0,0,1,0,0,0,0,0,0,0,0,0,0,0,0,0,0,0,0,0,0,0,0,0,0,0,1,0,0,0,1,0,0
15451,High School DxD New,TV,12,7.87,266657,5,4015,1,1,0,0,1,0,1,0,1,0,0,1,0,0,0,0,0,0,0,0,0,0,0,0,0,1,0,1,0,0,0,0,0,0,0,0,0,0,0,0
5680,K-On!,TV,13,7.87,386048,5,4052,5,0,0,0,1,0,0,0,0,0,0,0,0,0,0,0,0,0,0,0,1,0,0,0,0,0,0,1,0,0,0,0,0,1,0,0,0,0,0,0
1887,Lucky☆Star,TV,24,7.87,305837,5,4063,2,0,0,0,1,0,0,0,0,0,0,0,0,0,0,0,0,0,0,0,0,0,1,0,0,0,0,1,0,0,0,0,0,1,0,0,0,0,0,0
2594,Piano no Mori,Movie,1,7.87,24278,5,4106,-1,0,1,0,1,0,0,1,0,0,0,0,0,0,0,0,0,0,0,0,1,0,0,0,0,0,0,1,0,1,0,0,0,0,0,0,0,0,0,0
534,Slayers,TV,26,7.87,73476,5,4214,2,0,1,0,1,0,1,0,0,1,0,0,0,0,0,0,1,0,0,0,0,0,0,0,0,0,0,0,0,0,0,0,0,0,0,0,0,0,0,0
2508,Genshiken 2,TV,12,7.86,55825,5,4224,3,0,0,0,1,0,0,0,0,0,0,0,0,0,0,0,0,0,0,0,0,0,1,0,0,0,0,0,0,0,0,0,0,1,0,0,0,0,0,0
8407,Sora no Otoshimono: Forte,TV,12,7.86,146697,5,4437,5,0,0,0,1,0,0,0,1,0,0,1,0,0,0,0,0,0,0,0,0,0,0,0,0,1,0,0,1,0,0,0,1,0,0,0,0,1,0,0
20057,Space☆Dandy,TV,13,7.86,123529,5,4472,3,0,0,0,1,0,0,0,0,0,0,0,0,0,0,0,0,0,0,0,0,0,0,0,0,0,0,0,1,0,0,0,0,0,1,0,0,0,0,0
9074,Arakawa Under the Bridge x Bridge,TV,13,7.85,80394,5,4548,5,0,0,0,1,0,0,0,0,0,0,0,0,0,0,0,0,0,0,0,0,0,0,0,0,1,0,0,0,1,0,0,0,0,0,0,0,0,0,0
15315,Mondaiji-tachi ga Isekai kara Kuru Sou Desu yo?,TV,10,7.85,218231,5,4654,6,0,0,0,1,0,0,0,0,1,0,0,0,0,0,0,0,0,0,0,0,0,0,0,0,0,0,0,0,0,0,0,0,0,0,0,0,1,0,0
517,School Rumble Ichi Gakki Hoshuu,OVA,2,7.85,40868,5,4667,1,0,0,0,1,0,0,0,0,0,0,0,0,0,0,0,0,0,0,0,0,0,0,0,0,1,0,1,0,0,0,0,1,0,0,0,0,0,0,0
22199,Akame ga Kill!,TV,24,7.84,492133,5,4760,1,1,1,0,0,0,0,0,0,1,0,0,0,0,0,0,0,0,0,0,0,0,0,0,0,0,0,0,0,0,0,0,0,0,0,0,0,0,0,0
20431,Hoozuki no Reitetsu,TV,13,7.84,47619,5,4975,1,0,0,0,1,0,0,0,0,1,0,0,0,0,0,0,0,0,0,0,0,0,0,0,0,0,0,0,0,0,0,0,0,0,0,0,0,1,0,0
20847,Seitokai Yakuindomo*,TV,13,7.84,98544,5,4999,5,0,0,0,1,0,0,0,0,0,0,0,0,0,0,0,0,0,0,0,0,0,0,0,0,0,0,1,0,0,0,0,1,1,0,0,0,0,0,0
6347,Baka to Test to Shoukanjuu,TV,13,7.83,301282,5,5040,8,0,0,0,1,0,0,0,0,0,0,0,0,0,0,0,0,0,0,0,0,0,0,0,0,1,0,1,0,0,0,0,0,0,0,0,1,0,0,0
11757,Sword Art Online,TV,25,7.83,893100,5,5042,1,1,1,0,0,0,0,0,0,1,1,0,0,0,0,0,0,0,0,0,0,0,0,0,0,1,0,0,0,0,0,0,0,0,0,0,0,0,0,0
3515,Saint Seiya: Meiou Hades Elysion-hen,OVA,6,7.82,19044,5,5081,-1,1,0,0,0,0,0,0,0,1,0,0,0,0,0,0,0,0,0,0,0,0,0,0,0,0,0,0,0,0,0,0,1,0,0,0,1,0,0,0
13663,To LOVE-Ru Darkness,TV,12,7.82,135929,5,5251,8,0,0,0,1,0,0,0,1,0,0,1,0,0,0,0,0,0,0,0,0,0,0,0,0,1,0,1,1,0,0,0,1,0,0,0,0,0,0,0
13851,To LOVE-Ru Darkness OVA,OVA,6,7.82,57166,5,5258,8,0,0,0,1,0,0,0,1,0,0,1,0,0,0,0,0,0,0,0,0,0,0,0,0,1,0,1,1,0,0,0,1,0,0,0,0,0,0,0
6956,Working!!,TV,13,7.82,189367,5,5277,1,0,0,0,1,0,0,0,0,0,0,0,0,0,0,0,0,0,0,0,0,0,0,0,0,0,0,0,0,0,0,0,0,1,0,0,0,0,0,0
2397,Digimon Adventure: Bokura no War Game!,Movie,1,7.81,37078,5,5279,2,0,1,0,1,0,0,0,0,0,0,0,0,0,0,1,0,0,0,0,0,0,0,0,0,0,0,0,1,0,0,0,0,0,0,0,0,0,0,0
20,Naruto,TV,220,7.81,683297,5,5526,6,1,0,0,1,0,0,0,0,0,0,0,0,0,0,0,0,1,0,0,0,0,0,0,0,0,0,0,0,0,0,0,1,0,0,0,1,0,0,0
9471,Baka to Test to Shoukanjuu: Matsuri,OVA,2,7.8,67684,5,5667,2,0,0,0,1,0,0,0,0,0,0,0,0,0,0,0,0,0,0,0,0,0,0,0,0,0,0,1,0,0,0,0,0,0,0,0,1,0,0,0
150,Blood+,TV,50,7.8,208321,5,5680,1,1,0,0,0,0,0,1,0,0,0,0,0,1,0,0,0,0,0,1,0,1,0,0,0,0,0,0,0,0,0,0,0,0,0,0,0,1,0,1
16011,Tokyo Ravens,TV,24,7.8,171384,5,5681,6,0,0,0,1,0,0,0,0,0,0,0,0,0,0,0,0,0,0,0,0,0,0,0,0,0,0,1,0,0,0,0,1,0,0,0,1,1,0,0
13403,Inu x Boku SS Special,Special,1,7.79,46803,5,5958,2,0,0,0,1,0,0,0,0,0,0,0,0,0,0,0,0,0,0,0,0,0,0,0,0,0,0,0,0,0,0,0,1,0,0,0,0,1,0,0
24135,Nobunaga Concerto,TV,10,7.79,25167,5,6098,5,0,0,0,0,0,0,0,0,0,0,0,1,0,0,0,0,0,0,0,0,0,0,0,0,1,0,0,0,0,0,0,1,0,0,0,0,0,0,0
10790,Kore wa Zombie Desu ka? of the Dead,TV,10,7.78,180032,5,6201,2,1,0,0,1,0,0,0,1,0,0,1,0,0,0,0,1,0,0,0,0,0,0,0,0,0,0,0,0,0,0,0,0,0,0,0,0,1,0,0
14227,Tonari no Kaibutsu-kun,TV,13,7.77,349836,5,6211,8,0,0,0,1,0,0,0,0,0,0,0,0,0,0,0,0,0,0,0,0,0,0,0,0,1,0,1,0,0,1,0,0,1,0,0,0,0,0,0
11319,Zero no Tsukaima F,TV,12,7.77,174026,5,6324,2,0,1,0,0,0,0,0,1,1,0,0,0,0,0,0,1,0,0,0,0,0,0,0,0,1,0,0,0,0,0,0,0,0,0,0,0,0,0,0
24913,Bokura wa Minna Kawaisou: Hajimete no,Special,1,7.76,20622,5,6325,5,0,0,0,1,0,0,0,0,0,0,0,0,0,0,0,0,0,0,0,0,0,0,0,0,1,0,1,0,0,0,0,0,1,0,0,0,0,0,0
240,Genshiken,TV,12,7.76,104258,5,6347,1,0,0,0,1,0,0,0,0,0,0,0,0,0,0,0,0,0,0,0,0,0,1,0,0,0,0,0,0,0,0,0,0,1,0,0,0,0,0,0
20785,Mahouka Koukou no Rettousei,TV,26,7.76,285317,5,6377,7,0,0,0,0,0,0,0,0,0,0,0,0,0,0,0,1,0,0,0,0,0,0,0,0,1,0,1,1,0,0,0,0,0,0,0,0,1,0,0
20031,D-Frag!,TV,12,7.75,154548,5,6385,6,0,0,0,1,0,0,0,0,0,1,0,0,0,0,0,0,0,0,0,0,0,0,0,0,0,0,1,0,1,0,0,0,0,0,0,0,0,0,0
371,Cardcaptor Sakura Movie 1,Movie,1,7.74,56327,5,6512,2,0,0,0,1,0,0,1,0,1,0,0,0,0,0,0,1,0,0,0,0,0,0,0,0,0,0,0,0,0,1,0,0,0,0,0,0,0,0,0
17,Hungry Heart: Wild Striker,TV,52,7.74,13469,5,6547,3,0,0,0,1,0,0,0,0,0,0,0,0,0,0,0,0,0,0,0,0,0,0,0,0,0,0,0,0,0,0,0,1,1,0,1,0,0,0,0
132,GetBackers,TV,49,7.73,73536,5,6695,5,1,0,0,1,0,0,1,0,0,0,0,0,0,0,0,0,0,0,0,0,1,0,0,0,0,0,0,0,0,0,0,1,0,0,0,1,1,0,0
14467,K,TV,13,7.73,297051,5,6702,4,1,0,0,0,0,0,0,0,0,0,0,0,0,0,0,0,0,0,0,0,0,0,0,0,0,0,0,0,0,0,0,0,0,0,0,1,1,0,0
1840,Zero no Tsukaima: Futatsuki no Kishi,TV,12,7.73,235684,5,6746,7,1,1,0,1,0,0,0,1,1,0,1,0,0,0,0,1,0,0,0,0,0,0,0,0,1,0,1,0,0,0,0,0,0,0,0,0,0,0,0
905,Dragon Ball Z Movie 12: Fukkatsu no Fusion!! Gokuu to Vegeta,Movie,1,7.72,56994,5,6791,1,0,1,0,1,0,0,0,0,1,0,0,0,0,0,0,0,0,0,0,0,0,0,0,0,0,0,0,1,0,0,0,1,0,0,0,0,0,0,0
709,Mujin Wakusei Survive,TV,52,7.72,11684,5,6885,3,1,1,0,0,0,0,0,0,1,0,0,0,0,0,0,0,0,0,0,0,0,0,0,0,0,0,0,1,0,0,0,0,1,0,0,0,0,0,0
7647,Arakawa Under the Bridge,TV,13,7.71,162622,5,6956,2,0,0,0,1,0,0,0,0,0,0,0,0,0,0,0,0,0,0,0,0,0,0,0,0,1,0,0,0,1,0,0,0,0,0,0,0,0,0,0
7661,Giant Killing,TV,26,7.71,36947,5,6974,6,0,0,0,0,0,0,1,0,0,0,0,0,0,0,0,0,0,0,0,0,0,0,0,0,0,0,0,0,1,0,0,0,0,0,1,0,0,0,0
8675,Seitokai Yakuindomo,TV,13,7.71,217617,5,7088,1,0,0,0,1,0,0,0,0,0,0,0,0,0,0,0,0,0,0,0,0,0,0,0,0,0,0,1,0,0,0,0,1,1,0,0,0,0,0,0
11433,Ano Natsu de Matteru,TV,12,7.7,169718,5,7148,1,0,0,0,1,0,0,1,0,0,0,0,0,0,0,0,0,0,0,0,0,0,0,0,0,1,0,0,1,0,0,0,0,1,0,0,0,0,0,0
14967,Boku wa Tomodachi ga Sukunai Next,TV,12,7.7,214319,5,7593,1,0,0,0,1,0,0,0,0,0,0,1,0,0,0,0,0,0,0,0,0,0,0,0,0,1,0,1,0,1,0,0,0,1,0,0,0,0,0,0
11617,High School DxD,TV,12,7.7,398660,5,7647,8,0,0,0,1,0,1,0,1,0,0,1,0,0,0,0,0,0,0,0,0,0,0,0,0,1,0,1,0,0,0,0,0,0,0,0,0,0,0,0
914,Ike! Ina-chuu Takkyuubu,TV,26,7.7,7988,5,7661,8,0,0,0,1,0,0,0,1,0,0,0,0,0,0,0,0,0,0,0,0,0,0,0,0,0,0,1,0,0,0,0,0,0,0,1,0,0,0,0
24781,Imawa no Kuni no Alice (OVA),OVA,3,7.7,18351,5,7674,5,1,0,0,0,0,0,0,0,0,0,0,0,0,0,0,0,0,0,0,0,0,0,0,1,0,0,0,0,0,0,0,1,0,0,0,0,1,1,0
21327,Isshuukan Friends.,TV,12,7.7,139601,5,7720,7,0,0,0,1,0,0,0,0,0,0,0,0,0,0,0,0,0,0,0,0,0,0,0,0,0,0,1,0,0,0,0,1,1,0,0,0,0,0,0
7762,"Yondemasu yo, Azazel-san.",OVA,4,7.7,18400,5,7762,7,0,0,0,1,0,1,0,0,0,0,0,0,0,0,0,0,0,0,0,0,0,0,0,0,0,0,0,0,0,0,0,0,0,0,0,0,1,0,0
23251,Gugure! Kokkuri-san,TV,12,7.69,87824,5,7769,2,0,0,0,1,0,0,0,0,0,0,0,0,0,0,0,0,0,0,0,0,0,0,0,0,0,0,0,0,0,0,0,1,0,0,0,0,1,0,0
11013,Inu x Boku SS,TV,12,7.69,216204,5,7791,2,0,0,0,1,0,0,0,0,0,0,0,0,0,0,0,0,0,0,0,0,0,0,0,0,1,0,0,0,0,0,0,1,0,0,0,0,1,0,0
23277,Saenai Heroine no Sodatekata,TV,12,7.69,155795,5,7817,2,0,0,0,1,0,0,0,1,0,0,1,0,0,0,0,0,0,0,0,0,0,0,0,0,1,0,1,0,0,0,0,0,0,0,0,0,0,0,0
4654,Toaru Majutsu no Index,TV,24,7.69,313114,5,7858,1,1,0,0,0,0,0,0,0,0,0,0,0,0,0,0,1,0,0,0,0,0,0,0,0,0,0,0,1,0,0,0,0,0,0,0,1,0,0,0
18139,Tonari no Seki-kun,TV,21,7.69,82568,5,8074,2,0,0,0,1,0,0,0,0,0,0,0,0,0,0,0,0,0,0,0,0,0,0,0,0,0,0,1,0,1,0,0,0,0,0,0,0,0,0,0
22147,Amagi Brilliant Park,TV,13,7.68,217003,5,8277,3,0,0,0,1,0,0,0,0,0,0,0,0,0,0,0,1,0,0,0,0,0,0,0,0,0,0,0,0,0,0,0,0,0,0,0,0,0,0,0
67,Basilisk: Kouga Ninpou Chou,TV,24,7.68,98144,5,8302,2,1,1,0,0,0,0,0,0,1,0,0,1,0,0,0,0,0,0,0,0,0,0,0,0,1,1,0,0,0,0,0,0,0,0,0,0,1,0,0
5958,Sora no Otoshimono,TV,13,7.68,227681,5,8407,1,0,0,0,1,0,0,0,1,0,0,1,0,0,0,0,0,0,0,0,0,0,0,0,0,1,0,0,1,0,0,0,1,0,0,0,0,1,0,0
14669,Aura: Maryuuin Kouga Saigo no Tatakai,Movie,1,7.67,22599,5,8408,7,0,0,0,1,0,0,1,0,0,0,0,0,0,0,0,0,0,0,0,0,0,0,0,0,1,0,1,0,0,0,0,0,0,0,0,0,1,0,0
17729,Grisaia no Kajitsu,TV,13,7.67,178166,5,8424,4,0,0,0,0,0,0,1,0,0,0,1,0,0,0,0,0,0,0,0,0,0,0,0,1,1,0,1,0,0,0,0,0,0,0,0,0,0,0,0
8841,Kore wa Zombie Desu ka?,TV,12,7.67,295782,5,8457,5,1,0,0,1,0,0,0,1,0,0,1,0,0,0,0,1,0,0,0,0,0,0,0,0,0,0,0,0,0,0,0,0,0,0,0,0,1,0,0
11371,New Prince of Tennis,TV,13,7.67,30630,5,8516,1,1,0,0,1,0,0,0,0,0,0,0,0,0,0,0,0,0,0,0,0,0,0,0,0,0,0,0,0,0,0,0,1,0,0,1,0,0,0,0
250,Konjiki no Gash Bell!!,TV,150,7.66,51403,5,8525,3,0,1,0,1,0,0,0,0,0,0,0,0,0,0,0,1,0,0,0,0,0,0,0,0,0,0,0,0,0,0,0,1,0,0,0,0,1,0,0
10020,Ore no Imouto ga Konnani Kawaii Wake ga Nai Specials,ONA,4,7.66,101495,5,8619,2,0,0,0,1,0,0,0,0,0,0,0,0,0,0,0,0,0,0,0,0,0,0,0,0,0,0,0,0,1,0,0,0,1,0,0,0,0,0,0
528,Pokemon: Mewtwo no Gyakushuu,Movie,1,7.66,100089,5,8675,6,1,1,0,1,0,0,1,0,1,0,0,0,0,0,1,0,0,0,0,0,0,0,0,0,0,0,0,0,0,0,0,0,0,0,0,0,0,0,0
874,Digimon Tamers,TV,51,7.65,94391,5,8769,1,0,1,0,1,0,0,1,0,1,0,0,0,0,0,0,0,0,0,0,0,0,0,0,0,0,0,0,0,0,0,0,1,0,0,0,0,0,0,0
16241,"Yondemasu yo, Azazel-san. Z",TV,13,7.65,20640,5,8841,5,0,0,0,1,0,1,0,0,0,0,0,0,0,0,0,0,0,0,0,0,0,0,0,0,0,0,0,0,0,0,0,0,0,0,0,0,1,0,0
15437,Kore wa Zombie Desu ka? of the Dead OVA,OVA,1,7.64,54828,5,9041,2,1,0,0,1,0,0,0,1,0,0,1,0,0,0,0,1,0,0,0,0,0,0,0,0,0,0,0,0,0,0,0,0,0,0,0,0,1,0,0
15775,Saint☆Oniisan,OVA,2,7.64,33668,5,9074,8,0,0,0,1,0,0,0,0,0,0,0,0,0,0,0,0,0,0,0,0,0,0,0,0,0,0,0,0,1,0,0,0,1,0,0,0,0,0,0
10216,"Yondemasu yo, Azazel-san. (TV)",TV,13,7.64,42147,5,9181,1,0,0,0,1,0,1,0,0,0,0,0,0,0,0,0,0,0,0,0,0,0,0,0,0,0,0,0,0,0,0,0,0,0,0,0,0,1,0,0
32828,Amaama to Inazuma,TV,12,7.63,95339,5,9220,5,0,0,0,1,0,0,0,0,0,0,0,0,0,0,0,0,0,0,0,0,0,0,0,0,0,0,0,0,1,0,0,0,1,0,0,0,0,0,0
14527,Medaka Box Abnormal,TV,12,7.63,66972,5,9253,9,1,0,0,1,0,0,0,1,0,0,0,0,0,0,0,0,1,0,0,0,0,0,0,0,0,0,1,0,0,0,0,1,0,0,0,1,0,0,0
7858,Sora no Otoshimono: Project Pink,OVA,1,7.63,61903,5,9355,1,0,0,0,1,0,0,0,1,0,0,1,0,0,0,0,0,0,0,0,0,0,0,0,0,0,0,0,1,0,0,0,1,0,0,0,0,1,0,0
11759,Accel World,TV,24,7.62,324284,5,9367,1,1,0,0,0,0,0,0,0,0,1,0,0,0,0,0,0,0,0,0,0,0,0,0,0,1,0,1,1,0,0,0,0,0,0,0,0,0,0,0
2424,Cardcaptor Sakura Specials,Special,3,7.62,18604,5,9379,5,0,0,0,1,0,0,0,0,0,0,0,0,0,0,0,0,0,0,0,0,0,0,0,0,0,0,0,0,0,0,0,0,0,0,0,0,0,0,0
10589,Naruto: Shippuuden Movie 5 - Blood Prison,Movie,1,7.62,75660,5,9471,1,1,1,0,0,0,0,0,0,0,0,0,0,0,0,0,0,1,0,0,0,1,0,0,0,0,0,0,0,0,0,0,1,0,0,0,1,0,0,0
1195,Zero no Tsukaima,TV,13,7.62,346828,5,9479,7,1,1,0,1,0,0,0,1,1,0,1,0,0,0,0,1,0,0,0,0,0,0,0,0,1,0,1,0,0,0,0,0,0,0,0,0,0,0,0
2961,Digimon Adventure Movie,Movie,1,7.61,60753,5,9741,2,1,0,0,0,0,0,0,0,1,0,0,0,0,0,1,0,0,0,0,0,0,0,0,0,0,0,0,1,0,0,0,0,0,0,0,0,0,0,0
9181,Motto To LOVE-Ru,TV,12,7.61,134988,5,9919,4,0,0,0,1,0,0,0,1,0,0,1,0,0,0,0,0,0,0,0,0,0,0,0,0,0,0,1,1,0,0,0,1,0,0,0,0,0,0,0
5277,Sekirei: Pure Engagement,TV,13,7.61,113911,5,9936,2,1,0,0,1,0,0,0,1,0,0,1,0,0,0,0,0,0,0,0,0,0,0,0,0,0,0,0,0,0,0,0,0,0,0,0,1,0,0,0
18753,Yahari Ore no Seishun Love Comedy wa Machigatteiru. OVA,OVA,1,7.61,80676,5,9969,9,0,0,0,1,0,0,0,0,0,0,0,0,0,0,0,0,0,0,0,0,0,0,0,0,1,0,1,0,0,0,0,0,0,0,0,0,0,0,0
18497,Yozakura Quartet: Hana no Uta,TV,13,7.61,58245,5,9981,5,1,0,0,1,0,0,0,0,0,0,0,0,0,0,0,1,0,0,0,0,0,0,0,0,0,0,0,0,0,0,0,1,0,0,0,1,1,0,0
18671,Chuunibyou demo Koi ga Shitai! Ren,TV,12,7.6,208885,5,9989,7,0,0,0,1,0,0,1,0,0,0,0,0,0,0,0,0,0,0,0,0,0,0,0,0,1,0,1,0,0,0,0,0,1,0,0,0,0,0,0
2330,Jibaku-kun,TV,26,7.6,6036,5,10020,1,0,1,0,1,0,0,0,0,1,0,0,0,0,0,0,0,0,0,0,0,0,0,0,0,0,0,0,0,0,0,0,0,0,0,0,0,0,0,0
166,Samurai 7,TV,26,7.6,74991,5,10030,5,0,0,0,0,0,0,0,0,0,0,0,1,0,0,0,0,0,1,0,0,0,0,0,0,0,1,0,1,0,0,0,0,0,0,0,0,0,0,0
1913,Shonan Junai Gumi!,OVA,5,7.6,20261,5,10080,3,1,0,0,1,0,0,0,0,0,0,0,0,0,0,0,0,0,0,0,0,0,0,0,0,0,0,1,0,0,0,0,0,0,0,0,0,0,0,0
3712,Zero no Tsukaima: Princesses no Rondo,TV,12,7.6,210891,5,10108,1,1,1,0,1,0,0,0,1,1,0,1,0,0,0,0,1,0,0,0,0,0,0,0,0,1,0,1,0,0,0,0,0,0,0,0,0,0,0,0
20541,Mikakunin de Shinkoukei,TV,12,7.59,133385,5,10110,3,0,0,0,1,0,0,0,0,0,0,0,0,0,0,0,0,0,0,0,0,0,0,0,0,1,0,1,0,0,0,0,0,1,0,0,0,0,0,0
24627,Yamada-kun to 7-nin no Majo (OVA),OVA,2,7.59,33816,5,10119,7,0,0,0,1,0,0,0,0,0,0,0,0,0,0,0,0,0,0,0,0,0,0,0,0,1,0,1,0,0,0,0,1,0,0,0,0,0,0,0
10719,Boku wa Tomodachi ga Sukunai,TV,12,7.57,325664,5,10162,7,0,0,0,1,0,0,0,1,0,0,1,0,0,0,0,0,0,0,0,0,0,0,0,0,1,0,1,0,1,0,0,0,1,0,0,0,0,0,0
379,Heppoko Jikken Animation Excel♥Saga,TV,26,7.57,68198,5,10163,7,0,0,0,1,0,0,0,0,0,0,0,0,0,0,0,0,0,0,0,0,0,1,0,0,0,0,0,1,0,0,0,1,0,0,0,0,0,0,0
10209,Kore wa Zombie Desu ka? OVA,OVA,2,7.57,73826,5,10172,1,1,0,0,1,0,0,0,1,0,0,1,0,0,0,0,1,0,0,0,0,0,0,0,0,0,0,0,0,0,0,0,0,0,0,0,0,1,0,0
481,Yu☆Gi☆Oh! Duel Monsters,TV,224,7.57,132099,5,10209,5,0,1,0,0,0,0,0,0,0,1,0,0,0,0,0,0,0,0,0,0,0,0,0,0,0,0,0,0,0,0,0,1,0,0,0,0,0,0,0
18465,Genshiken Nidaime,TV,13,7.56,29952,5,10216,6,0,0,0,1,0,0,0,0,0,0,0,0,0,0,0,0,0,0,0,0,0,1,0,0,0,0,0,0,0,0,0,0,1,0,0,0,0,0,0
14189,Tasogare Otome x Amnesia: Taima Otome,Special,1,7.56,38176,5,10396,4,0,0,0,0,0,0,0,0,0,0,0,0,1,0,0,0,0,0,0,0,1,0,0,0,1,0,1,0,0,0,0,1,0,0,0,0,1,0,0
3974,Tetsuwan Birdy Decode,TV,13,7.56,50384,5,10397,1,1,0,0,1,0,0,0,0,0,0,0,0,0,0,0,0,0,0,0,0,0,0,0,0,0,0,0,1,0,0,0,0,0,0,0,0,0,0,0
11633,Blood Lad,TV,10,7.55,241513,5,10521,4,1,0,0,1,0,1,0,0,0,0,0,0,0,0,0,0,0,0,0,0,0,0,0,0,0,0,0,0,1,0,0,0,0,0,0,0,1,0,1
26349,Danna ga Nani wo Itteiru ka Wakaranai Ken,TV,13,7.55,122271,5,10589,4,0,0,0,1,0,0,0,0,0,0,0,0,0,0,0,0,0,0,0,0,0,0,0,0,0,0,0,0,1,0,0,0,1,0,0,0,0,0,0
17641,Date A Live: Date to Date,OVA,1,7.55,68328,5,10638,5,0,0,0,1,0,0,0,0,0,0,1,0,0,0,0,0,0,0,0,0,0,0,0,0,1,0,1,1,0,0,0,0,0,0,0,0,0,0,0
19221,"Ore no Nounai Sentakushi ga, Gakuen Love Comedy wo Zenryoku de Jama Shiteiru",TV,10,7.55,179569,5,10719,7,0,0,0,1,0,0,0,0,0,0,0,0,0,0,0,0,0,0,0,0,0,0,0,0,1,0,1,0,0,0,0,0,0,0,0,0,0,0,0
15583,Date A Live,TV,12,7.54,301358,5,10790,6,0,0,0,1,0,0,0,0,0,0,1,0,0,0,0,0,0,1,0,0,0,0,0,0,1,0,1,1,0,0,0,0,0,0,0,0,0,0,0
10110,Mayo Chiki!,TV,13,7.53,192219,5,10805,5,0,0,0,1,0,0,0,1,0,0,1,0,0,0,0,0,0,0,0,0,0,0,0,0,1,0,1,0,0,0,0,0,0,0,0,0,0,0,0
11499,Sankarea,TV,12,7.53,222657,5,10863,8,0,0,0,1,0,0,0,1,0,0,0,0,1,0,0,0,0,0,0,0,0,0,0,0,1,0,0,0,0,0,0,1,0,0,0,0,1,0,0
29786,Shimoneta to Iu Gainen ga Sonzai Shinai Taikutsu na Sekai,TV,12,7.53,193822,5,10897,3,0,0,0,1,0,0,0,1,0,0,0,0,0,0,0,0,0,0,0,0,0,0,0,0,0,0,1,0,0,0,0,0,0,0,0,0,0,0,0
5251,Angel Densetsu,OVA,2,7.52,10795,5,11013,1,1,0,0,1,0,0,0,0,0,0,0,0,0,0,0,0,0,0,0,0,0,0,0,0,0,0,1,0,0,0,0,0,0,0,0,0,0,0,0
68,Black Cat,TV,23,7.52,150512,5,11113,7,0,1,0,1,0,0,0,0,0,0,0,0,0,0,0,0,0,0,0,0,0,0,0,0,0,0,0,1,0,0,0,1,0,0,0,1,0,0,0
31722,Nanatsu no Taizai: Seisen no Shirushi,TV,4,7.52,81154,5,11179,5,1,1,0,0,0,0,0,1,1,0,0,0,0,0,0,0,0,0,0,0,0,0,0,0,0,0,0,0,0,0,0,1,0,0,0,0,1,0,0
19369,Outbreak Company,TV,12,7.52,131520,5,11319,1,0,0,0,1,0,0,0,0,1,0,1,0,0,0,0,0,0,0,0,0,0,1,0,0,0,0,0,0,0,0,0,0,0,0,0,0,0,0,0
27899,Tokyo Ghoul √A,TV,12,7.52,408357,5,11371,3,1,0,0,0,0,0,1,0,0,0,0,0,1,0,0,0,0,0,0,0,1,0,0,1,0,0,0,0,1,0,0,0,0,0,0,0,1,0,0
11179,Papa no Iukoto wo Kikinasai!,TV,12,7.51,97674,5,11433,5,0,0,0,1,0,0,0,0,0,0,0,0,0,0,0,0,0,0,0,0,0,0,0,0,1,0,0,0,0,0,0,0,1,0,0,0,0,0,0
5667,To LOVE-Ru OVA,OVA,6,7.51,79923,5,11499,5,0,0,0,1,0,0,0,1,0,0,1,0,0,0,0,0,0,0,0,0,0,0,0,0,0,0,1,1,0,0,0,1,0,0,0,0,0,0,0
19163,Date A Live II,TV,10,7.5,186187,5,11577,9,0,0,0,1,0,0,0,0,0,0,1,0,0,0,0,0,0,1,0,0,0,0,0,0,1,0,1,1,0,0,0,0,0,0,0,0,0,0,0
25183,Gangsta.,TV,12,7.5,210752,5,11597,-1,1,0,0,0,0,0,1,0,0,0,0,0,0,0,0,0,0,0,0,0,0,0,0,0,0,0,0,0,1,0,0,0,0,0,0,0,0,0,0
6325,Naruto: Shippuuden Movie 3 - Hi no Ishi wo Tsugu Mono,Movie,1,7.5,83515,5,11617,2,1,0,0,1,0,0,0,0,0,0,0,0,0,0,0,0,1,0,0,0,0,0,0,0,0,0,0,0,0,0,0,1,0,0,0,1,0,0,0
10396,Ben-To,TV,12,7.49,146570,5,11633,7,1,0,0,1,0,0,0,0,0,0,0,0,0,0,0,0,1,0,0,0,0,0,0,0,0,0,0,0,0,0,0,0,0,0,0,0,0,0,0
16592,Danganronpa: Kibou no Gakuen to Zetsubou no Koukousei The Animation,TV,13,7.49,298550,5,11757,1,1,0,0,0,0,0,0,0,0,0,0,0,1,0,0,0,0,0,0,0,1,0,0,1,0,0,0,0,0,0,0,0,0,0,0,0,0,0,0
16353,Love Lab,TV,13,7.49,79493,5,11759,3,0,0,0,1,0,0,0,0,0,0,0,0,0,0,0,0,0,0,0,0,0,0,0,0,1,0,1,0,0,0,0,0,0,0,0,0,0,0,0
8769,Ore no Imouto ga Konnani Kawaii Wake ga Nai,TV,12,7.49,321477,5,11761,4,0,0,0,1,0,0,0,0,0,0,0,0,0,0,0,0,0,0,0,0,0,0,0,0,0,0,0,0,1,0,0,0,1,0,0,0,0,0,0
344,Futatsu no Spica,TV,20,7.47,5894,5,11785,3,0,0,0,0,0,0,1,0,0,0,0,0,0,0,0,0,0,0,0,0,0,0,0,0,0,0,1,1,0,0,0,0,0,0,0,0,1,0,0
18229,Gatchaman Crowds,TV,12,7.47,107513,5,11813,5,0,1,0,0,0,0,0,0,0,0,0,0,0,0,0,0,0,0,0,0,0,0,0,0,0,0,0,1,0,0,0,0,0,0,0,0,0,0,0
12729,High School DxD OVA,OVA,2,7.47,91154,5,11843,8,0,0,0,1,0,1,0,1,0,0,0,0,0,0,0,0,0,0,0,0,0,0,0,0,1,0,1,0,0,0,0,0,0,0,0,0,0,0,0
20853,Hitsugi no Chaika,TV,12,7.47,164510,5,11853,6,1,1,0,1,0,0,0,0,1,0,0,0,0,0,0,0,0,0,0,0,0,0,0,0,1,0,0,0,0,0,0,1,0,0,0,0,0,0,0
17505,Mushibugyou,TV,26,7.47,40155,5,12069,7,1,0,0,0,0,0,0,0,1,0,0,1,0,0,0,0,1,0,0,0,0,0,0,0,0,1,0,0,0,0,0,1,0,0,0,1,0,0,0
1764,Slam Dunk (Movie),Movie,1,7.47,8750,5,12189,5,0,0,0,1,0,0,1,0,0,0,0,0,0,0,0,0,0,0,0,0,0,0,0,0,0,0,1,0,0,0,0,1,1,0,1,0,0,0,0
20977,Tonari no Seki-kun OVA,OVA,1,7.47,20774,5,12431,8,0,0,0,1,0,0,0,0,0,0,0,0,0,0,0,0,0,0,0,0,0,0,0,0,0,0,1,0,1,0,0,0,0,0,0,0,0,0,0
8457,Yozakura Quartet: Hoshi no Umi,OVA,3,7.47,22065,5,12445,4,1,0,0,1,0,0,0,0,0,0,0,0,0,0,0,1,0,0,0,0,0,0,0,0,0,0,0,0,0,0,0,1,0,0,0,1,1,0,0
15225,Hentai Ouji to Warawanai Neko.,TV,12,7.46,201735,5,12447,4,0,0,0,1,0,0,0,0,0,0,1,0,0,0,0,0,0,0,0,0,0,0,0,0,1,0,1,0,1,0,0,0,0,0,0,0,1,0,0
8074,Highschool of the Dead,TV,12,7.46,535892,5,12467,5,1,0,0,0,0,0,0,1,0,0,0,0,1,0,0,0,0,0,0,0,0,0,0,0,0,0,0,0,0,0,0,0,0,0,0,0,1,0,0
1117,Pokemon: Maboroshi no Pokemon Lugia Bakutan,Movie,1,7.46,78876,5,12549,2,0,1,0,1,0,0,1,0,1,0,0,0,0,0,1,0,0,0,0,0,0,0,0,0,0,0,0,0,0,0,0,0,0,0,0,0,0,0,0
1614,Captain Tsubasa: Road to 2002,TV,52,7.45,19746,5,12581,3,1,0,0,0,0,0,0,0,0,0,0,0,0,0,0,0,0,0,0,0,0,0,0,0,0,0,0,0,0,0,0,1,0,0,1,0,0,0,0
17875,Papa no Iukoto wo Kikinasai! OVA,OVA,2,7.45,19904,5,12673,5,0,0,0,1,0,0,0,0,0,0,0,0,0,0,0,0,0,0,0,0,0,0,0,0,1,0,0,0,0,0,0,0,1,0,0,0,0,0,0
20787,Black Bullet,TV,13,7.44,320267,5,12729,1,1,0,0,0,0,0,0,0,0,0,0,0,0,0,0,0,0,0,0,0,1,0,0,0,0,0,0,1,1,0,0,0,0,0,0,0,0,0,0
10163,C: The Money of Soul and Possibility Control,TV,11,7.44,156853,5,13055,5,1,0,0,0,0,0,0,0,0,0,0,0,0,0,0,0,0,0,0,0,1,0,0,0,0,0,0,0,0,0,0,0,0,0,0,1,0,1,0
14833,Maoyuu Maou Yuusha,TV,12,7.44,164445,5,13093,5,0,1,0,0,0,1,0,0,1,0,0,1,0,0,0,0,0,0,0,0,0,0,0,0,1,0,0,0,0,0,0,0,0,0,0,0,0,0,0
3655,Nabari no Ou,TV,26,7.44,107384,5,13161,1,1,0,0,1,0,0,1,0,1,0,0,0,0,0,0,0,0,0,0,0,0,0,0,0,0,0,0,0,0,0,0,1,0,0,0,0,1,0,0
18277,Strike the Blood,TV,24,7.44,231387,5,13201,5,1,0,0,0,0,0,0,1,1,0,1,0,0,0,0,0,0,0,0,0,0,0,0,0,0,0,1,0,0,0,0,1,0,0,0,0,1,0,1
13333,Tari Tari,TV,13,7.44,80960,5,13333,5,0,0,0,0,0,0,0,0,0,0,0,0,0,0,0,0,0,0,0,1,0,0,0,0,0,0,1,0,0,0,0,0,1,0,0,0,0,0,0
2472,Naruto: Shippuuden Movie 1,Movie,1,7.43,108170,5,13357,2,1,1,0,1,0,0,0,0,1,0,0,0,0,0,0,0,0,0,0,0,0,0,0,0,0,0,0,0,0,0,0,1,0,0,0,0,0,0,0
4437,Naruto: Shippuuden Movie 2 - Kizuna,Movie,1,7.43,97818,5,13367,2,1,0,0,0,0,0,0,0,0,0,0,0,0,0,0,0,1,0,0,0,0,0,0,0,0,0,0,0,0,0,0,1,0,0,0,0,1,0,0
13659,Ore no Imouto ga Konnani Kawaii Wake ga Nai.,TV,13,7.43,194791,5,13403,1,0,0,0,1,0,0,0,0,0,0,0,0,0,0,0,0,0,0,0,0,0,0,0,0,0,0,0,0,1,0,0,0,1,0,0,0,0,0,0
527,Pokemon,TV,276,7.43,229157,5,13479,6,1,1,0,1,0,0,0,0,1,0,0,0,0,0,1,0,0,0,0,0,0,0,0,0,0,0,0,0,0,0,0,0,0,0,0,0,0,0,0
25157,Trinity Seven,TV,12,7.43,208796,5,13535,7,1,0,0,1,0,0,0,1,1,0,1,0,0,0,0,1,0,0,0,0,0,0,0,0,1,0,1,0,0,0,0,1,0,0,0,0,1,0,0
10805,Kami nomi zo Shiru Sekai: 4-nin to Idol,OVA,1,7.42,57797,5,13659,1,0,0,0,1,0,0,0,0,0,0,0,0,0,0,0,0,0,0,0,1,0,0,0,0,0,0,0,0,0,0,0,1,0,0,0,0,1,0,0
335,Matantei Loki Ragnarok,TV,26,7.42,25098,5,13663,2,0,0,0,1,0,0,0,0,0,0,0,0,0,0,0,1,0,0,0,0,1,0,0,0,0,0,0,0,0,0,0,1,0,0,0,0,1,0,0
443,Onegai☆Teacher: Himitsu na Futari,OVA,1,7.42,32134,5,13759,3,0,0,0,1,0,0,0,1,0,0,0,0,0,0,0,0,0,0,0,0,0,0,0,0,1,0,0,1,0,0,0,0,0,0,0,0,0,0,0
20939,"Ore no Nounai Sentakushi ga, Gakuen Love Comedy wo Zenryoku de Jama Shiteiru OVA",OVA,1,7.42,35583,5,13851,1,0,0,0,1,0,0,0,0,0,0,0,0,0,0,0,0,0,0,0,0,0,0,0,0,1,0,1,0,0,0,0,0,0,0,0,0,0,0,0
10638,Denpa Onna to Seishun Otoko Special,Special,1,7.41,34723,5,14027,2,0,0,0,1,0,0,0,0,0,0,0,0,0,0,0,0,0,0,0,0,0,0,0,0,0,0,0,1,1,0,0,0,0,0,0,0,0,0,0
20689,Hamatora The Animation,TV,12,7.41,133571,5,14189,3,0,0,0,1,0,0,0,0,0,0,0,0,0,0,0,0,0,0,0,0,1,0,0,0,0,0,0,0,0,0,0,0,0,0,0,1,0,0,0
272,Noir,TV,26,7.41,66036,5,14199,1,1,0,0,0,0,0,1,0,0,0,0,0,0,0,0,0,0,0,0,0,1,0,0,0,0,0,0,0,0,0,0,0,0,0,0,0,0,0,0
2398,Digimon Adventure 02: Diablomon no Gyakushuu,Movie,1,7.4,31961,5,14227,2,0,1,0,1,0,0,1,0,0,0,0,0,0,0,1,0,0,0,0,0,0,0,0,0,0,0,0,1,0,0,0,0,0,0,0,0,0,0,0
16444,Mondaiji-tachi ga Isekai kara Kuru Sou Desu yo?: Onsen Manyuuki,OVA,1,7.4,44450,5,14349,6,0,0,0,0,0,0,0,0,1,0,0,0,0,0,0,0,0,0,0,0,0,0,0,0,0,0,0,0,0,0,0,0,0,0,0,0,1,0,0
12467,Nazo no Kanojo X,TV,13,7.4,99788,5,14467,5,0,0,0,0,0,0,0,1,0,0,0,0,0,0,0,0,0,0,0,0,0,0,0,0,1,0,1,0,1,0,0,0,0,0,0,0,0,0,0
4063,Sekirei,TV,12,7.4,182713,5,14513,7,1,0,0,1,0,0,0,1,0,0,1,0,0,0,0,0,0,0,0,0,0,0,0,0,0,0,0,0,0,0,0,0,0,0,0,1,0,0,0
9355,Sekirei: Pure Engagement - Kanwa ni Dai,Special,1,7.4,26719,5,14527,4,0,0,0,1,0,0,0,1,0,0,1,0,0,0,0,0,0,0,0,0,0,0,0,0,0,0,0,0,0,0,0,0,0,0,0,0,0,0,0
17247,Machine-Doll wa Kizutsukanai,TV,12,7.39,136751,5,14669,7,1,0,0,0,0,0,0,1,1,0,0,0,0,0,0,0,0,0,0,0,0,0,0,0,0,0,1,0,1,0,0,0,0,0,0,0,0,0,0
6512,Nyan Koi!,TV,12,7.39,142264,5,14685,4,0,0,0,1,0,0,0,0,0,0,1,0,0,0,0,0,0,0,0,0,0,0,0,0,1,0,0,0,0,0,0,0,0,0,0,0,0,0,0
16694,Sankarea: Wagahai mo... Zombie de Aru...,Special,1,7.39,36573,5,14719,9,0,0,0,1,0,0,0,1,0,0,0,0,1,0,0,0,0,0,0,0,0,0,0,0,1,0,0,0,0,0,0,1,0,0,0,0,1,0,0
7769,Ookami-san to Shichinin no Nakama-tachi,TV,12,7.38,145982,5,14741,4,0,0,0,1,0,0,0,0,0,0,0,0,0,0,0,0,0,0,0,0,0,1,0,0,1,0,0,0,0,0,0,0,0,0,0,0,0,0,0
4015,School Rumble San Gakki,OVA,2,7.38,41898,5,14749,2,0,0,0,1,0,0,0,0,0,0,0,0,0,0,0,0,0,0,0,0,0,0,0,0,1,0,1,0,0,0,0,1,0,0,0,0,0,0,0
152,Solty Rei,TV,24,7.38,17943,5,14813,3,1,0,0,0,0,0,0,0,0,0,0,0,0,0,0,0,0,0,0,0,0,0,0,0,0,0,0,1,0,0,0,0,0,0,0,1,0,0,0
1674,Captain Tsubasa J,TV,47,7.37,13927,5,14833,-1,1,0,0,0,0,0,0,0,0,0,0,0,0,0,0,0,0,0,0,0,0,0,0,0,0,0,0,0,0,0,0,1,0,0,1,0,0,0,0
1313,Digimon Adventure 02,TV,50,7.37,120268,5,14967,3,1,1,0,1,0,0,1,0,1,0,0,0,0,0,1,0,0,0,0,0,0,0,0,0,0,0,0,0,0,0,0,0,0,0,0,0,0,0,0
13357,High School DxD Specials,Special,6,7.37,75439,5,15039,7,0,0,0,1,0,1,0,1,0,0,1,0,0,0,0,0,0,0,0,0,0,0,0,0,1,0,1,0,0,0,0,0,0,0,0,0,0,0,0
21863,Mangaka-san to Assistant-san to The Animation,TV,12,7.37,108642,5,15059,6,0,0,0,1,0,0,0,1,0,0,1,0,0,0,0,0,0,0,0,0,0,0,0,0,0,0,0,0,1,0,0,0,1,0,0,0,0,0,0
15379,Kotoura-san,TV,12,7.36,123691,5,15225,3,0,0,0,1,0,0,1,0,0,0,0,0,0,0,0,0,0,0,0,0,0,0,0,0,1,0,1,0,0,0,0,0,0,0,0,0,0,0,0
190,Love Hina Again,OVA,3,7.36,61154,5,15315,5,0,0,0,1,0,0,1,1,0,0,0,0,0,0,0,0,0,0,0,0,0,0,0,0,1,0,0,0,0,0,0,1,0,0,0,0,0,0,0
8424,MM!,TV,12,7.36,129672,5,15335,10,0,0,0,1,0,0,0,1,0,0,1,0,0,0,0,0,0,0,0,0,0,0,0,0,0,0,1,0,0,0,0,0,0,0,0,0,0,0,0
2116,Captain Tsubasa,TV,128,7.35,36623,5,15379,5,1,0,0,0,0,0,0,0,0,0,0,0,0,0,0,0,0,0,0,0,0,0,0,0,0,0,0,0,0,0,0,1,0,0,1,0,0,0,0
195,Onegai☆Teacher,TV,12,7.35,99558,5,15417,8,0,0,0,1,0,0,1,0,0,0,0,0,0,0,0,0,0,0,0,0,0,0,0,0,1,0,1,1,0,0,0,0,0,0,0,0,0,0,0
3887,Ookiku Furikabutte Special,Special,1,7.35,8478,5,15437,5,0,0,0,0,0,0,1,0,0,0,0,0,0,0,0,0,0,0,0,0,0,0,0,0,0,0,0,0,0,0,0,0,0,0,1,0,0,0,0
13055,Sankarea OVA,OVA,2,7.35,51997,5,15451,1,0,0,0,1,0,0,0,1,0,0,0,0,1,0,0,0,0,0,0,0,0,0,0,0,1,0,0,0,0,0,0,1,0,0,0,0,1,0,0
390,Suzuka,TV,26,7.35,64161,5,15565,4,0,0,0,0,0,0,1,0,0,0,0,0,0,0,0,0,0,0,0,0,0,0,0,0,1,0,0,0,0,0,0,0,0,0,1,0,0,0,0
16417,Tamako Market,TV,12,7.35,128529,5,15583,3,0,0,0,1,0,0,0,0,0,0,0,0,0,0,0,0,0,0,0,0,0,0,0,0,0,0,0,0,0,0,0,0,1,0,0,0,0,0,0
25159,Inou-Battle wa Nichijou-kei no Naka de,TV,12,7.34,144370,5,15609,1,0,0,0,1,0,0,0,0,0,0,0,0,0,0,0,0,0,0,0,0,0,0,0,0,1,0,1,0,0,0,0,0,1,0,0,0,1,0,0
3455,To LOVE-Ru,TV,26,7.34,237563,5,15729,1,0,0,0,1,0,0,0,1,0,0,1,0,0,0,0,0,0,0,0,0,0,0,0,0,1,0,1,1,0,0,0,0,0,0,0,0,0,0,0
9379,Denpa Onna to Seishun Otoko,TV,12,7.33,149497,5,15771,8,0,0,0,1,0,0,0,0,0,0,0,0,0,0,0,0,0,0,0,0,0,0,0,0,0,0,0,1,1,0,0,0,1,0,0,0,0,0,0
5042,Kiss x Sis,OVA,12,7.33,125614,5,15775,7,0,0,0,1,0,0,0,1,0,0,1,0,0,0,0,0,0,0,0,0,0,0,0,0,1,0,1,0,1,0,0,0,0,0,0,0,0,0,0
21561,Ryuugajou Nanana no Maizoukin (TV),TV,11,7.33,101326,5,15809,7,0,0,0,1,0,0,0,0,0,0,0,0,0,0,0,0,0,0,0,0,0,0,0,0,0,0,0,0,0,0,0,0,0,0,0,0,1,0,0
13093,Nazo no Kanojo X: Nazo no Natsu Matsuri,OVA,1,7.32,17967,5,16011,2,0,0,0,0,0,0,0,1,0,0,0,0,0,0,0,0,0,0,0,0,1,0,0,0,1,0,0,0,1,0,0,0,0,0,0,0,0,0,0
14749,Ore no Kanojo to Osananajimi ga Shuraba Sugiru,TV,13,7.32,156116,5,16067,5,0,0,0,1,0,0,0,0,0,0,1,0,0,0,0,0,0,0,0,0,0,0,0,0,1,0,1,0,0,0,0,0,0,0,0,0,0,0,0
9981,Phi Brain: Kami no Puzzle,TV,25,7.32,64958,5,16241,7,1,0,0,0,0,0,0,0,0,1,0,0,0,0,0,0,0,0,0,0,1,0,0,0,0,0,0,0,0,0,0,1,0,0,0,0,0,0,0
18441,Blood Lad: Wagahai wa Neko de wa Nai,OVA,1,7.31,48728,5,16353,1,1,0,0,1,0,1,0,0,0,0,0,0,0,0,0,0,0,0,0,0,0,0,0,0,0,0,0,0,1,0,0,0,0,0,0,0,1,0,1
10397,Mashiro-iro Symphony: The Color of Lovers,TV,12,7.3,77284,5,16417,3,0,0,0,0,0,0,1,0,0,0,1,0,0,0,0,0,0,0,0,0,0,0,0,0,1,0,1,0,0,0,0,0,0,0,0,0,0,0,0
23447,"Ano Natsu de Matteru: Bokutachi wa Koukou Saigo no Natsu wo Sugoshinagara, Ano Natsu de Matteiru.",Special,1,7.29,19772,5,16444,5,0,0,0,1,0,0,1,0,0,0,0,0,0,0,0,0,0,0,0,0,0,0,0,0,1,0,0,1,0,0,0,0,1,0,0,0,0,0,0
26441,Junketsu no Maria,TV,12,7.29,75460,5,16592,5,0,0,0,1,0,0,0,0,1,0,0,1,0,0,0,1,0,0,0,0,0,0,0,0,0,0,0,0,1,0,0,0,0,0,0,0,0,0,0
16742,Watashi ga Motenai no wa Dou Kangaetemo Omaera ga Warui!,TV,12,7.29,257925,5,16636,5,0,0,0,1,0,0,0,0,0,0,0,0,0,0,0,0,0,0,0,0,0,0,0,0,0,0,1,0,0,0,0,1,1,0,0,0,0,0,0
550,Yu☆Gi☆Oh!,TV,27,7.29,89243,5,16694,5,1,0,0,1,0,0,0,0,1,1,0,0,0,0,0,0,0,0,0,0,0,0,0,0,0,0,0,0,0,0,0,1,0,0,0,0,0,0,0
20457,"Inari, Konkon, Koi Iroha.",TV,10,7.28,65402,5,16706,2,0,0,0,1,0,0,0,0,0,0,0,0,0,0,0,0,0,0,0,0,0,0,0,0,1,0,1,0,1,0,0,0,0,0,0,0,1,0,0
189,Love Hina,TV,24,7.28,156627,5,16742,5,0,0,0,1,0,0,0,1,0,0,1,0,0,0,0,0,0,0,0,0,0,0,0,0,1,0,0,0,0,0,0,1,1,0,0,0,0,0,0
12673,Papa no Iukoto wo Kikinasai!: Pokkapoka,Special,1,7.28,22414,5,16782,7,0,0,0,1,0,0,0,0,0,0,0,0,0,0,0,0,0,0,0,0,0,0,0,0,1,0,0,0,0,0,0,0,1,0,0,0,0,0,0
2400,Ghost Sweeper GS Mikami,TV,45,7.27,5118,5,16866,2,0,0,0,1,0,0,0,0,0,0,0,0,0,0,0,0,0,0,0,0,0,0,0,0,0,0,0,0,0,0,0,0,0,0,0,0,1,0,0
16866,Tonari no Kaibutsu-kun: Tonari no Gokudou-kun,OVA,1,7.27,46837,5,16894,5,0,0,0,1,0,0,0,0,0,0,0,1,0,0,0,0,0,0,0,0,0,0,0,0,1,0,0,0,0,1,0,0,0,0,0,0,0,0,0
14027,Boku wa Tomodachi ga Sukunai: Relay Shousetsu wa Ketsumatsu ga Hanpanai,OVA,1,7.25,59965,5,16918,7,0,0,0,1,0,0,0,0,0,0,0,0,0,0,0,0,0,0,0,0,0,0,0,0,1,0,1,0,1,0,0,0,0,0,0,0,0,0,0
1132,Digimon Frontier,TV,50,7.25,74929,5,17157,1,1,1,0,1,0,0,1,0,1,0,0,0,0,0,0,0,0,0,0,0,0,0,0,0,0,0,0,0,0,0,0,1,0,0,0,0,0,0,0
13161,Hagure Yuusha no Aesthetica,TV,12,7.25,156044,5,17247,2,1,0,0,0,0,0,0,1,1,0,0,0,0,0,0,0,0,0,0,0,0,0,0,0,0,0,0,0,0,0,0,0,0,0,0,1,0,0,0
11785,Haiyore! Nyaruko-san,TV,12,7.25,154595,5,17265,8,0,0,0,1,0,0,0,0,0,0,0,0,0,0,0,0,0,0,0,0,0,1,0,0,0,0,0,1,0,0,0,0,0,0,0,0,0,0,0
898,Dragon Ball Z Movie 05: Tobikkiri no Saikyou tai Saikyou,Movie,1,7.24,59207,5,17505,6,0,1,0,1,0,0,0,0,1,0,0,0,0,0,0,0,0,0,0,0,0,0,0,0,0,0,0,1,0,0,0,1,0,0,0,0,0,0,0
4214,Rosario to Vampire Capu2,TV,13,7.24,203958,5,17641,2,0,0,0,1,0,0,0,1,1,0,1,0,0,0,0,0,0,0,0,0,0,0,0,0,1,0,1,0,0,0,0,0,0,0,0,0,0,0,1
2962,Digimon Adventure 02 Movies,Movie,2,7.23,26543,5,17729,1,0,1,0,0,0,0,0,0,1,0,0,0,0,0,1,0,0,0,0,0,0,0,0,0,0,0,0,1,0,0,0,0,0,0,0,0,0,0,0
21189,"Wake Up, Girls! Shichinin no Idol",Movie,1,7.23,14420,5,17741,2,0,0,0,0,0,0,1,0,0,0,0,0,0,0,0,0,0,0,0,1,0,0,0,0,0,0,0,0,0,0,0,0,0,0,0,0,0,0,0
482,Yu☆Gi☆Oh!: Duel Monsters GX,TV,180,7.23,74331,5,17777,1,1,0,0,1,0,0,0,0,1,1,0,0,0,0,0,0,0,0,0,0,0,0,0,0,0,0,0,0,0,0,0,1,0,0,0,0,0,0,0
21085,Witch Craft Works,TV,12,7.22,106381,5,17827,1,1,0,0,0,0,0,0,0,1,0,0,0,0,0,0,1,0,0,0,0,0,0,0,0,0,0,0,0,1,0,0,0,0,0,0,0,1,0,0
7088,Ichiban Ushiro no Daimaou,TV,12,7.21,203618,5,17875,5,1,0,0,1,0,0,0,1,1,0,1,0,0,0,0,1,0,0,0,0,0,0,0,0,0,0,1,0,0,0,0,1,0,0,0,0,0,0,0
11761,Medaka Box,TV,12,7.21,110042,5,17895,4,1,0,0,1,0,0,0,1,0,0,0,0,0,0,0,0,1,0,0,0,0,0,0,0,0,0,1,0,0,0,0,1,0,0,0,1,0,0,0
21603,Mekakucity Actors,TV,12,7.21,198876,5,18001,4,0,0,0,1,0,0,0,0,0,0,0,0,0,0,0,0,0,0,0,0,0,0,0,0,1,0,0,1,0,0,0,0,0,0,0,1,1,0,0
9367,Freezing,TV,12,7.2,159273,5,18039,2,1,0,0,0,0,0,1,1,0,0,1,0,0,0,0,0,1,0,0,0,0,0,0,0,1,0,0,1,1,0,0,0,0,0,0,0,0,0,0
24171,Mushibugyou OVA,OVA,3,7.2,3636,5,18095,3,1,0,0,0,0,0,0,0,1,0,0,1,0,0,0,0,1,0,0,0,0,0,0,0,0,1,0,0,0,0,0,1,0,0,0,1,0,0,0
1564,Pokemon Advanced Generation,TV,192,7.2,67386,5,18115,7,1,1,0,1,0,0,0,0,1,0,0,0,0,0,1,0,0,0,0,0,0,0,0,0,0,0,0,0,0,0,0,0,0,0,0,0,0,0,0
20047,Sakura Trick,TV,12,7.2,108011,5,18139,4,0,0,0,1,0,0,0,0,0,0,0,0,0,0,0,0,0,0,0,0,0,0,0,0,1,0,1,0,1,0,1,0,1,0,0,0,0,0,0
6324,Omamori Himari,TV,12,7.19,119572,5,18153,5,1,0,0,1,0,1,0,1,0,0,1,0,0,0,0,0,0,0,0,0,0,0,0,0,1,0,0,0,0,0,0,0,0,0,0,0,1,0,0
5279,Sekirei: Hajimete no Otsukai,Special,1,7.19,32430,5,18179,6,0,0,0,1,0,0,0,0,0,0,0,0,0,0,0,0,0,0,0,0,0,0,0,0,0,0,0,0,0,0,0,0,0,0,0,0,0,0,0
7817,B Gata H Kei,TV,12,7.18,192719,5,18229,5,0,0,0,1,0,0,0,1,0,0,0,0,0,0,0,0,0,0,0,0,0,0,0,0,1,0,1,0,1,0,0,0,0,0,0,0,0,0,0
2907,Cyborg Kuro-chan,TV,66,7.18,3188,5,18247,1,0,0,0,1,0,0,0,0,0,0,0,0,0,0,0,0,0,0,0,0,0,0,0,0,0,0,0,1,0,0,0,0,0,0,0,0,0,0,0
20973,Sekai Seifuku: Bouryaku no Zvezda,TV,12,7.18,67877,5,18277,2,1,0,0,1,0,0,0,0,1,0,0,0,0,0,0,0,0,0,0,0,0,0,0,0,0,0,0,0,0,0,0,0,0,0,0,0,0,0,0
6098,Sora no Manimani,TV,12,7.18,28652,5,18441,7,0,0,0,1,0,0,0,0,0,0,0,0,0,0,0,0,0,0,0,0,0,0,0,0,1,0,1,0,0,0,0,0,1,0,0,0,0,0,0
448,Tenjou Tenge: The Ultimate Fight,OVA,2,7.18,29039,5,18465,2,0,1,0,0,0,0,1,0,0,0,0,0,0,0,0,0,1,0,0,0,0,0,0,0,1,0,0,0,0,0,0,1,0,0,0,0,1,0,0
17741,Kimi no Iru Machi,TV,12,7.17,63418,5,18497,5,0,0,0,0,0,0,1,0,0,0,0,0,0,0,0,0,0,0,0,0,0,0,0,0,1,0,0,0,0,0,0,0,1,0,0,0,0,0,0
442,Naruto Movie 1: Dai Katsugeki!! Yuki Hime Shinobu Houjou Dattebayo!,Movie,1,7.17,120571,5,18671,4,0,1,0,1,0,0,1,0,0,0,0,1,0,0,0,0,0,0,0,0,0,0,0,0,0,0,0,0,0,0,0,1,0,0,0,0,1,0,0
10108,Ore no Imouto ga Konnani Kawaii Wake ga Nai: SD Chara ni Yoru Character Commentary,Special,16,7.16,14917,5,18677,3,0,0,0,1,0,0,0,0,0,0,0,0,0,0,0,0,0,0,0,0,0,0,0,0,0,0,0,0,0,0,0,0,0,0,0,0,0,0,0
6974,Seikimatsu Occult Gakuin,TV,13,7.16,65021,5,18689,8,0,0,0,1,0,0,0,0,0,0,0,0,0,0,0,0,0,0,0,0,1,0,0,0,0,0,1,1,0,0,0,0,0,0,0,0,1,0,0
29027,Shinmai Maou no Testament OVA,OVA,1,7.16,33466,5,18753,3,1,0,0,0,0,1,0,1,1,0,1,0,0,0,0,0,0,0,0,0,0,0,0,0,1,0,0,0,0,0,0,0,0,0,0,0,0,0,0
760,Tenjou Tenge: The Past Chapter,Movie,1,7.16,15718,5,18857,1,0,1,0,0,0,0,1,0,0,0,0,0,0,0,0,0,1,0,0,0,0,0,0,0,1,0,0,0,0,0,0,1,0,0,0,0,1,0,0
29785,Jitsu wa Watashi wa,TV,13,7.15,88500,5,18897,2,0,0,0,1,0,0,0,0,1,0,0,0,0,0,0,0,0,0,0,0,0,0,0,0,1,0,1,0,0,0,0,1,0,0,0,0,1,0,0
2993,Rosario to Vampire,TV,13,7.14,299278,5,19023,2,0,0,0,1,0,0,0,1,1,0,1,0,0,0,0,0,0,0,0,0,0,0,0,0,1,0,1,0,0,0,0,1,0,0,0,0,0,0,1
1138,Medarot,TV,52,7.13,30148,5,19163,2,0,1,0,1,0,0,0,0,0,0,0,0,0,0,0,0,0,0,0,0,0,0,0,0,0,0,0,1,0,0,0,1,0,0,0,0,0,0,0
9041,IS: Infinite Stratos,TV,12,7.12,254543,5,19221,7,1,0,0,1,0,0,0,0,0,0,1,0,0,0,0,0,0,1,0,0,0,0,0,0,0,0,0,1,0,0,0,0,0,0,0,0,0,0,0
903,Dragon Ball Z Movie 10: Kiken na Futari! Super Senshi wa Nemurenai,Movie,1,7.11,54947,5,19363,6,1,1,0,1,0,1,0,0,1,0,0,0,0,0,0,0,1,0,0,0,0,0,0,0,0,0,0,0,0,0,0,1,0,0,0,1,0,0,0
23233,Shinmai Maou no Testament,TV,12,7.11,172321,5,19365,5,1,0,0,0,0,1,0,1,1,0,1,0,0,0,0,0,0,0,0,0,0,0,0,0,1,0,0,0,0,0,0,0,0,0,0,0,0,0,0
18001,Freezing Vibration,TV,12,7.1,79298,5,19369,3,1,0,0,0,0,0,1,1,0,0,1,0,0,0,0,0,1,0,1,0,0,0,0,0,1,0,0,1,1,0,0,0,0,0,0,0,0,0,0
174,Tenjou Tenge,TV,24,7.1,103449,5,19647,8,1,0,0,1,0,0,0,1,0,0,0,0,0,0,0,0,1,0,0,0,0,0,0,0,0,0,1,0,0,0,0,1,0,0,0,1,0,0,0
21431,Gokukoku no Brynhildr,TV,13,7.09,159899,5,19769,3,0,0,0,0,0,0,1,0,0,0,0,0,0,0,0,0,0,0,0,0,1,0,0,0,0,0,0,1,1,0,0,0,0,0,0,0,0,0,0
7593,Kiss x Sis (TV),TV,12,7.09,215361,5,19799,1,0,0,0,1,0,0,0,1,0,0,1,0,0,0,0,0,0,0,0,0,0,0,0,0,1,0,1,0,1,0,0,0,0,0,0,0,0,0,0
21781,Tsubasa to Hotaru,Special,1,7.09,6651,5,19815,1,0,0,0,0,0,0,0,0,0,0,0,0,0,0,0,0,0,0,0,0,0,0,0,0,1,0,1,0,0,1,0,0,0,0,0,0,0,0,0
20045,IS: Infinite Stratos 2 - Hitonatsu no Omoide,OVA,1,7.08,27030,5,19953,4,1,0,0,1,0,0,0,0,0,0,1,0,0,0,0,0,0,1,0,0,0,0,0,0,0,0,0,1,0,0,0,0,0,0,0,0,0,0,0
18677,Yuusha ni Narenakatta Ore wa Shibushibu Shuushoku wo Ketsui Shimashita.,TV,12,7.07,115338,5,20031,5,0,0,0,1,0,0,0,1,1,0,0,0,0,0,0,0,0,0,0,0,0,0,0,0,1,0,0,0,0,0,0,0,0,0,0,0,0,0,0
17827,Daitoshokan no Hitsujikai,TV,12,7.04,46874,5,20045,1,0,0,0,0,0,0,0,0,0,0,1,0,0,0,0,0,0,0,0,0,0,0,0,0,1,0,1,0,0,0,0,0,0,0,0,0,0,0,0
19023,"Wake Up, Girls!",TV,12,7.04,29679,5,20047,1,0,0,0,0,0,0,1,0,0,0,0,0,0,0,0,0,0,0,0,1,0,0,0,0,0,0,0,0,0,0,0,0,0,0,0,0,0,0,0
981,Ichigo 100% OVA,OVA,4,7.03,19508,5,20053,3,0,0,0,1,0,0,0,1,0,0,1,0,0,0,0,0,0,0,0,0,0,0,0,0,1,0,1,0,0,0,0,1,0,0,0,0,0,0,0
6201,Princess Lover!,TV,12,7.03,104098,5,20057,8,0,0,0,1,0,0,0,1,0,0,1,0,0,0,0,0,0,0,0,0,0,0,0,0,0,0,1,0,0,0,0,0,0,0,0,0,0,0,0
508,Tottoko Hamtarou,TV,296,7.03,29433,5,20159,7,0,1,0,1,0,0,0,0,0,0,0,0,0,0,1,0,0,0,0,0,0,0,0,0,0,0,0,0,0,0,0,0,0,0,0,0,0,0,0
4999,Asu no Yoichi!,TV,12,7.02,110748,5,20431,6,0,0,0,1,0,0,0,1,0,0,1,0,0,0,0,0,1,0,0,0,0,0,0,0,1,0,0,0,0,0,0,1,0,0,0,0,0,0,0
1668,Bakuten Shoot Beyblade G Revolution,TV,52,7.02,22429,5,20457,1,1,1,0,1,0,0,0,0,0,0,0,0,0,0,0,0,0,0,0,0,0,0,0,0,0,0,0,1,0,0,0,1,0,0,1,0,0,0,0
29317,Saenai Heroine no Sodatekata: Ai to Seishun no Service Kai,Special,1,7.01,41444,5,20507,6,0,0,0,1,0,0,0,1,0,0,1,0,0,0,0,0,0,0,0,0,0,0,0,0,1,0,0,0,0,0,0,0,0,0,0,0,0,0,0
8277,Hyakka Ryouran: Samurai Girls,TV,12,7.01,99201,5,20541,1,1,0,0,1,0,0,0,1,0,0,1,0,0,0,0,0,0,0,0,0,0,0,0,0,0,1,1,0,0,0,0,0,0,0,0,0,0,0,0
2684,Buzzer Beater 2nd Season,TV,13,7.0,5193,5,20545,3,1,0,0,0,0,0,0,0,0,0,0,0,0,0,0,0,0,0,0,0,0,0,0,0,0,0,0,1,0,0,0,1,0,0,1,0,0,0,0
19365,Samurai Flamenco,TV,22,7.0,74324,5,20583,8,1,0,0,1,0,0,0,0,0,0,0,0,0,0,0,0,0,0,0,0,0,1,0,0,0,0,0,0,0,0,0,0,0,0,0,0,0,0,0
292,Dear Boys,TV,26,6.99,12662,5,20689,3,0,0,0,0,0,0,1,0,0,0,0,0,0,0,0,0,0,0,0,0,0,0,0,0,0,0,0,0,0,0,0,1,0,0,1,0,0,0,0
896,Dragon Ball Z Movie 03: Chikyuu Marugoto Choukessen,Movie,1,6.99,57840,5,20767,7,0,1,0,1,0,0,0,0,1,0,0,0,0,0,0,0,0,0,0,0,0,0,0,0,0,0,0,1,0,0,0,1,0,0,0,0,0,0,0
936,Naruto Movie 2: Dai Gekitotsu! Maboroshi no Chiteiiseki Dattebayo!,Movie,1,6.99,97308,5,20785,1,0,1,0,1,0,0,1,0,1,0,0,0,0,0,0,0,0,0,0,0,0,0,0,0,0,0,0,0,0,0,0,1,0,0,0,0,1,0,0
2363,Pokemon Housoukyoku,TV,16,6.99,15461,5,20787,3,0,1,0,1,0,0,0,0,1,0,0,0,0,0,1,0,0,0,0,0,0,0,0,0,0,0,0,0,0,0,0,0,0,0,0,0,0,0,0
18095,Nourin,TV,12,6.98,76069,5,20847,6,0,0,0,1,0,0,0,1,0,0,0,0,0,0,0,0,0,0,0,0,0,0,0,0,1,0,1,0,0,0,0,0,0,0,0,0,0,0,0
12549,"Dakara Boku wa, H ga Dekinai.",TV,12,6.96,169615,5,20853,3,0,0,0,1,0,0,0,1,0,0,0,0,0,0,0,0,0,0,0,0,0,0,0,0,1,0,0,0,0,0,0,0,0,0,0,0,1,0,0
1956,Ikkitousen: Dragon Destiny,TV,12,6.96,47117,5,20899,8,1,0,0,0,0,0,0,1,0,0,0,0,0,0,0,0,1,0,0,0,0,0,0,0,0,0,1,0,0,0,0,0,0,0,0,1,0,0,0
2248,Naruto: Dai Katsugeki!! Yuki Hime Shinobu Houjou Dattebayo! Special: Konoha Annual Sports Festival,Special,1,6.96,47988,5,20931,1,1,0,0,1,0,0,0,0,1,0,0,0,0,0,0,0,1,0,0,0,0,0,0,0,0,0,0,0,0,0,0,1,0,0,1,0,0,0,0
4548,Yozakura Quartet,TV,12,6.96,68023,5,20939,6,1,0,0,1,0,0,0,0,0,0,0,0,0,0,0,1,0,0,0,0,0,0,0,0,0,0,0,0,0,0,0,1,0,0,0,1,1,0,0
2144,Naruto Movie 3: Dai Koufun! Mikazuki Jima no Animaru Panikku Dattebayo!,Movie,1,6.95,91526,5,20973,5,1,1,0,0,0,0,0,0,0,0,0,0,0,0,0,0,0,0,0,0,0,0,0,0,0,0,0,0,0,0,0,0,0,0,0,0,0,0,0
14685,Onegai☆Teacher: Reminiscence Disc,OVA,1,6.93,2503,5,20977,3,0,0,0,1,0,0,0,0,0,0,0,0,0,0,0,0,0,0,0,0,0,0,0,0,1,0,0,1,0,0,0,0,0,0,0,0,0,0,0
20545,Yuusha ni Narenakatta Ore wa Shibushibu Shuushoku wo Ketsui Shimashita. OVA,OVA,1,6.92,20680,5,21033,1,0,0,0,1,0,0,0,1,1,0,0,0,0,0,0,0,0,0,0,0,0,0,0,0,1,0,0,0,0,0,0,0,0,0,0,0,0,0,0
15609,"Kono Naka ni Hitori, Imouto ga Iru!: Ani, Imouto, Koibito",OVA,1,6.91,21636,5,21085,4,0,0,0,1,0,0,0,1,0,0,1,0,0,0,0,0,0,0,0,0,0,0,0,0,1,0,1,0,1,0,0,0,0,0,0,0,0,0,0
1469,Monster Farm: Enbanseki no Himitsu,TV,48,6.91,22170,5,21185,5,1,1,0,1,0,0,0,0,1,0,0,0,0,0,0,0,0,0,0,0,0,0,0,0,0,0,0,0,0,0,0,0,0,0,0,0,0,0,0
487,Girls Bravo: Second Season,TV,13,6.9,57110,5,21189,3,0,0,0,1,0,0,0,1,1,0,1,0,0,0,0,0,0,0,0,0,0,0,0,0,1,0,1,0,0,0,0,0,0,0,0,0,0,0,0
13201,Monster Farm: Legend e no Michi,TV,25,6.9,6611,5,21327,6,1,1,0,1,0,0,0,0,1,0,0,0,0,0,0,0,0,0,0,0,0,0,0,0,0,0,0,0,0,0,0,0,0,0,0,0,0,0,0
28819,Okusama ga Seitokaichou!,TV,12,6.88,91241,5,21405,4,0,0,0,1,0,0,0,1,0,0,0,0,0,0,0,0,0,0,0,0,0,0,0,0,1,0,1,0,0,0,0,1,0,0,0,0,0,0,0
7148,Ladies versus Butlers!,TV,12,6.87,94820,5,21431,3,0,0,0,1,0,0,0,1,0,0,1,0,0,0,0,0,0,0,0,0,0,0,0,0,1,0,1,0,1,0,0,0,0,0,0,0,0,0,0
5526,Pokemon: Pikachu no Natsuyasumi,Movie,1,6.86,19960,5,21507,1,0,0,0,1,0,0,0,0,1,0,0,0,0,0,1,0,0,0,0,0,0,0,0,0,0,0,0,0,0,0,0,0,0,0,0,0,0,0,0
10897,Boku wa Tomodachi ga Sukunai Episode 0,OVA,1,6.85,69233,5,21561,3,0,0,0,1,0,0,0,0,0,0,0,0,0,0,0,0,0,0,0,0,0,0,0,0,1,0,1,0,1,0,0,0,1,0,0,0,0,0,0
13367,"Kono Naka ni Hitori, Imouto ga Iru!",TV,12,6.85,92252,5,21587,5,0,0,0,1,0,0,0,1,0,0,1,0,0,0,0,0,0,0,0,0,1,0,0,0,1,0,1,0,1,0,0,0,0,0,0,0,0,0,0
248,Ichigo 100%,TV,12,6.84,67310,5,21603,3,0,0,0,1,0,0,0,1,0,0,1,0,0,0,0,0,0,0,0,0,0,0,0,0,1,0,0,0,0,0,0,1,0,0,0,0,0,0,0
18247,IS: Infinite Stratos 2,TV,12,6.82,146979,5,21647,5,1,0,0,1,0,0,0,0,0,0,1,0,0,0,0,0,0,1,0,0,0,0,0,0,0,0,0,1,0,0,0,0,0,0,0,0,0,0,0
288,Bakuten Shoot Beyblade,TV,51,6.81,49467,5,21781,3,1,1,0,1,0,0,0,0,0,0,0,0,0,0,0,0,0,0,0,0,0,0,0,0,0,0,0,1,0,0,0,1,0,0,1,0,0,0,0
63,DearS,TV,12,6.8,91037,5,21863,6,0,0,0,1,0,0,0,1,0,0,1,0,0,0,0,0,0,0,0,0,0,0,0,0,1,0,0,1,0,0,0,0,0,0,0,0,0,0,0
25397,Absolute Duo,TV,12,6.78,168811,5,22147,6,1,0,0,0,0,0,0,1,0,0,1,0,0,0,0,0,0,0,0,0,0,0,0,0,1,0,1,0,0,0,0,0,0,0,0,0,1,0,0
14199,Oniichan dakedo Ai Sae Areba Kankeinai yo ne!,TV,12,6.78,113166,5,22199,4,0,0,0,1,0,0,0,1,0,0,1,0,0,0,0,0,0,0,0,0,0,0,0,0,1,0,1,0,0,0,0,0,0,0,0,0,0,0,0
1669,Bakuten Shoot Beyblade 2002,TV,51,6.77,27959,5,22319,2,1,1,0,1,0,0,0,0,0,0,0,0,0,0,0,0,0,0,0,0,0,0,0,0,0,0,0,1,0,0,0,1,0,0,1,0,0,0,0
4052,Medarot Damashii,TV,39,6.76,9590,5,22535,7,1,1,0,0,0,0,0,0,0,0,0,0,0,0,0,0,0,0,0,0,0,0,0,0,0,0,0,1,0,0,0,0,0,0,0,0,0,0,0
987,Dragon Ball GT: Goku Gaiden! Yuuki no Akashi wa Suushinchuu,Special,1,6.75,32853,5,22789,8,1,1,0,1,0,0,0,0,1,0,0,0,0,0,0,0,1,0,0,0,0,0,0,0,0,0,0,0,0,0,0,1,0,0,0,1,0,0,0
15729,Hagure Yuusha no Aesthetica: Hajirai Ippai,Special,6,6.75,19407,5,23079,2,0,0,0,1,0,0,0,1,0,0,0,0,0,0,0,0,0,0,0,0,0,0,0,0,0,0,0,0,0,0,0,0,0,0,0,0,0,0,0
21033,Seikoku no Dragonar,TV,12,6.75,83068,5,23199,7,0,0,0,1,0,0,0,1,1,0,0,0,0,0,0,0,0,0,0,0,0,0,0,0,0,0,1,0,0,0,0,0,0,0,0,0,0,0,0
10172,Freezing Specials,Special,6,6.74,28125,5,23233,1,1,0,0,1,0,0,0,1,0,0,0,0,0,0,0,0,0,0,0,0,0,0,0,0,0,0,0,0,0,0,0,0,0,0,0,0,0,0,0
3503,Kanokon,TV,12,6.74,122288,5,23251,7,0,0,0,1,0,0,0,1,0,0,1,0,0,0,0,0,0,0,0,0,0,0,0,0,1,0,1,0,0,0,0,1,1,0,0,0,1,0,0
6791,Kanokon: Manatsu no Dai Shanikusai,OVA,2,6.74,25804,5,23273,8,0,0,0,0,0,0,0,1,0,0,0,0,0,0,0,0,0,0,0,0,0,0,0,0,1,0,0,0,0,0,0,0,1,0,0,0,0,0,0
406,Buzzer Beater,TV,13,6.73,8439,5,23277,4,0,0,0,0,0,0,0,0,0,0,0,0,0,0,0,0,0,0,0,0,0,0,0,0,0,0,0,0,0,0,0,1,0,0,1,0,0,0,0
31636,Dagashi Kashi,TV,12,6.73,145468,5,23289,5,0,0,0,1,0,0,0,0,0,0,0,0,0,0,0,0,0,0,0,0,0,0,0,0,0,0,0,0,0,0,0,1,1,0,0,0,0,0,0
225,Dragon Ball GT,TV,64,6.72,226625,5,23309,1,1,1,0,1,0,0,0,0,1,0,0,0,0,0,0,1,0,0,0,0,0,0,0,0,0,0,0,1,0,0,0,1,0,0,0,1,0,0,0
241,Girls Bravo: First Season,TV,11,6.69,84395,5,23447,5,0,0,0,1,0,0,0,1,1,0,1,0,0,0,0,0,0,0,0,0,0,0,0,0,1,0,1,0,0,0,0,0,0,0,0,0,0,0,0
9936,Maken-Ki!,TV,12,6.69,104182,5,23755,7,1,0,0,0,0,0,0,1,0,0,1,0,0,0,0,0,1,0,0,0,0,0,0,0,0,0,1,0,0,0,0,0,0,0,0,1,0,0,0
6885,Sora no Manimani Specials,Special,3,6.64,4444,5,23847,4,0,0,0,1,0,0,0,0,0,0,0,0,0,0,0,0,0,0,0,0,0,0,0,0,0,0,1,0,0,0,0,0,1,0,0,0,0,0,0
24175,Nozo x Kimi,OVA,3,6.63,13526,5,24135,5,0,0,0,1,0,0,0,1,0,0,0,0,0,0,0,0,0,0,0,0,0,0,0,0,1,0,1,0,0,0,0,1,0,0,0,0,0,0,0
17157,Nozoki Ana,OVA,1,6.63,21200,5,24171,5,0,0,0,1,0,0,1,1,0,0,0,0,0,0,0,0,0,0,0,0,0,0,0,0,0,0,0,0,0,0,0,0,0,0,0,0,0,0,0
4975,ChäoS;HEAd,TV,12,6.62,174337,5,24175,4,0,0,0,0,0,0,0,0,0,0,1,0,0,0,0,0,0,0,0,0,1,0,0,1,0,0,0,1,0,0,0,0,0,0,0,0,1,0,0
18857,Ore no Imouto ga Konnani Kawaii Wake ga Nai. Specials,ONA,3,6.62,70559,5,24627,5,0,0,0,1,0,0,0,0,0,0,0,0,0,0,0,0,0,0,0,0,0,0,0,0,1,0,0,0,1,0,0,0,1,0,0,0,0,0,0
9220,Seikimatsu Occult Gakuin Specials,Special,4,6.61,7550,5,24781,6,0,0,0,1,0,0,0,0,0,0,0,0,0,0,0,0,0,0,0,0,0,0,0,0,0,0,1,0,0,0,0,0,0,0,0,0,1,0,0
4760,Kanokon Specials,Special,12,6.58,19232,5,24873,1,0,0,0,0,0,0,0,1,0,0,0,0,0,0,0,0,0,0,0,0,0,0,0,0,0,0,0,0,0,0,0,0,0,0,0,0,0,0,0
11853,Pokemon: Pikachu no Summer Bridge Story,Special,1,6.57,2535,5,24913,4,0,1,0,1,0,0,0,0,1,0,0,0,0,0,1,0,0,0,0,0,0,0,0,0,0,0,0,0,0,0,0,0,0,0,0,0,0,0,0
9479,Coppelion,TV,13,6.56,76291,5,25157,1,1,0,0,0,0,0,0,0,0,0,0,0,0,0,0,0,0,0,0,0,0,0,0,0,0,0,0,1,1,0,0,0,0,0,0,0,0,0,0
761,Naruto: Akaki Yotsuba no Clover wo Sagase,Special,1,6.55,47587,5,25159,2,0,1,0,1,0,0,0,0,0,0,0,0,0,0,0,0,0,0,0,0,0,0,0,0,0,0,0,0,0,0,0,1,0,0,0,0,0,0,0
19799,Robot Girls Z,Special,3,6.55,12212,5,25183,6,0,0,0,1,0,0,0,0,0,0,0,0,0,0,0,0,0,1,0,0,0,1,0,0,0,0,0,0,0,0,0,0,0,0,0,0,0,0,0
20931,Oneechan ga Kita,TV,12,6.54,45457,5,25303,-1,0,0,0,1,0,0,0,0,0,0,0,0,0,0,0,0,0,0,0,0,0,0,0,0,0,0,0,0,0,0,0,0,1,0,0,0,0,0,0
19953,Zetsumetsu Kigu Shoujo: Amazing Twins,OVA,2,6.49,7418,5,25397,2,0,0,0,0,0,0,0,0,0,0,0,0,0,0,0,1,0,0,0,0,0,0,0,0,0,0,0,0,0,0,0,0,1,0,0,0,0,0,0
4667,B-Densetsu! Battle Bedaman Enkon,TV,51,6.48,2512,5,25429,1,0,1,0,1,0,0,0,0,0,0,0,0,0,0,1,0,0,0,0,0,0,0,0,0,0,0,0,0,0,0,0,1,0,0,0,0,0,0,0
23309,Rail Wars!,TV,12,6.47,85487,5,25635,7,1,0,0,0,0,0,0,1,0,0,0,0,0,0,0,0,0,0,0,0,0,0,1,0,0,0,0,0,0,0,0,0,0,0,0,0,0,0,0
17777,"Saikin, Imouto no Yousu ga Chotto Okashiinda ga.",TV,12,6.46,74320,5,26055,8,0,0,0,1,0,0,0,1,0,0,0,0,0,0,0,0,0,0,0,0,0,0,0,0,1,0,0,0,0,0,0,1,0,0,0,0,1,0,0
24873,Juuou Mujin no Fafnir,TV,12,6.44,59544,5,26349,6,0,0,0,0,0,0,0,0,1,0,1,0,0,0,0,0,0,0,0,0,0,0,0,0,1,0,1,0,0,0,0,0,0,0,0,0,0,0,0
8302,Ladies versus Butlers! Specials,Special,6,6.43,18524,5,26441,6,0,0,0,0,0,0,0,1,0,0,0,0,0,0,0,0,0,0,0,0,0,0,0,0,0,0,0,0,1,0,0,0,0,0,0,0,0,0,0
2789,B-Densetsu! Battle Bedaman,TV,52,6.38,6545,5,27899,2,0,1,0,0,0,0,0,0,1,0,0,0,0,0,1,0,0,0,0,0,0,0,0,0,0,0,0,0,0,0,0,1,0,0,0,0,0,0,0
12581,Asa made Jugyou Chu!,OVA,1,6.37,25285,5,28121,6,0,0,0,1,0,0,0,1,0,0,0,0,0,0,0,0,0,0,0,0,0,0,0,0,1,0,1,0,0,0,0,0,0,0,0,0,0,0,0
15565,Maken-Ki! Two,TV,10,6.35,49842,5,28297,5,1,0,0,0,0,0,0,1,0,0,1,0,0,0,0,0,1,0,0,0,0,0,0,0,0,0,1,0,0,0,0,0,0,0,0,1,0,0,0
21507,Soul Eater NOT!,TV,12,6.33,92269,5,28677,5,1,0,0,1,0,0,0,1,0,0,0,0,0,0,0,0,0,0,0,0,0,0,0,0,0,0,0,0,0,0,0,1,0,0,0,0,1,0,0
6695,Mangchi,Movie,1,6.31,461,5,28819,2,0,1,0,1,0,0,0,0,1,0,0,0,0,0,0,0,0,0,0,0,0,0,0,0,0,0,0,0,0,0,0,0,0,0,0,0,0,0,0
29035,Robot Girls Z Plus,ONA,6,6.3,3863,5,28891,9,0,0,0,1,0,0,0,0,0,0,0,0,0,0,0,0,0,1,0,0,0,1,0,0,0,0,0,0,0,0,0,0,0,0,0,0,0,0,0
20053,Wizard Barristers: Benmashi Cecil,TV,12,6.27,38188,5,28907,5,0,0,0,0,0,0,0,0,0,0,0,0,0,0,0,1,0,0,0,0,0,0,0,0,0,0,0,0,0,0,0,0,0,0,0,0,0,0,0
6385,Pokemon: Slowking no Ichinichi,Special,1,6.25,6090,5,29027,2,0,0,0,0,0,0,0,0,1,0,0,0,0,0,1,0,0,0,0,0,0,0,0,0,0,0,0,0,0,0,0,0,0,0,0,0,0,0,0
12447,Ben-To Picture Drama,Special,6,6.19,6718,5,29035,1,0,0,0,1,0,0,0,0,0,0,0,0,0,0,0,0,0,0,0,0,0,0,0,0,0,0,0,0,0,0,0,0,0,0,0,0,0,0,0
21587,Mou Hitotsu no Mirai wo.,ONA,3,6.19,6580,5,29317,4,0,0,0,0,0,0,0,0,0,0,0,0,0,0,0,0,0,0,0,0,0,0,0,0,0,0,0,1,0,0,0,0,0,0,0,0,0,0,0
19769,Mahou Sensou,TV,12,6.18,104192,5,29785,2,1,0,0,0,0,0,0,0,1,0,0,0,0,0,0,1,0,0,0,0,0,0,0,0,0,0,0,0,0,0,0,0,0,0,0,0,0,0,0
25429,Isuca,TV,10,6.17,63638,5,29786,3,1,0,0,1,0,0,0,1,0,0,0,0,0,0,0,0,0,0,0,0,0,0,0,0,1,0,1,0,1,0,0,0,0,0,0,0,1,0,0
25635,Space☆Dandy Picture Drama,Special,2,6.17,2399,5,29803,8,0,0,0,1,0,0,0,0,0,0,0,0,0,0,0,0,0,0,0,0,0,0,0,0,0,0,0,1,0,0,0,0,0,1,0,0,0,0,0
18039,Rescue Me!,OVA,1,6.13,14381,5,30831,8,0,0,0,0,0,0,0,1,0,0,1,0,0,0,0,0,0,0,0,0,0,0,0,0,1,0,0,0,0,0,0,0,0,0,0,0,0,0,0
16636,Kotoura-san: Haruka no Heya,ONA,6,6.01,9641,5,31240,8,0,0,0,1,0,0,0,0,0,0,0,0,0,0,0,0,0,0,0,0,0,0,0,0,0,0,1,0,0,0,0,0,0,0,0,0,0,0,0
1685,Duel Masters,TV,26,5.92,13012,5,31636,-1,1,1,0,1,0,0,0,0,0,0,0,0,0,0,0,0,0,0,0,0,0,0,0,0,0,0,0,0,0,0,0,1,0,0,0,0,0,0,0
8619,Ladies versus Butlers! Tokuten Disc Music Clip,Special,1,5.9,5676,5,31722,7,0,0,0,0,0,0,0,1,0,0,0,0,0,0,0,0,0,0,0,1,0,0,0,0,0,0,0,0,0,0,0,0,0,0,0,0,0,0,0
9741,Nana to Kaoru,OVA,1,5.79,12919,5,31964,-1,0,0,0,1,0,0,0,1,0,0,0,0,0,0,0,0,0,0,0,0,0,0,0,0,1,0,0,0,1,0,0,0,0,0,0,0,0,0,0
13479,Uchuu Kyoudai: Apo&#039;s Dream,OVA,1,5.62,2323,5,32182,9,0,0,0,1,0,0,0,0,0,0,0,0,0,0,0,0,0,0,0,0,0,0,0,0,0,0,0,1,0,0,0,0,0,1,0,0,0,0,0
23079,Glasslip,TV,13,5.54,94108,5,32828,7,0,0,0,0,0,0,0,0,0,0,0,0,0,0,0,0,0,0,0,0,0,0,0,0,1,0,0,0,0,0,0,0,1,0,0,0,1,0,0
